location,wk,value,vintage,final,rel_rev
01,2021-06-05,52,2021-06-07,52,0.0
02,2021-06-05,0,2021-06-07,0,0.0
04,2021-06-05,70,2021-06-07,70,0.0
05,2021-06-05,16,2021-06-07,16,0.0
06,2021-06-05,205,2021-06-07,442,0.5361990950226244
08,2021-06-05,37,2021-06-07,37,0.0
09,2021-06-05,8,2021-06-07,8,0.0
10,2021-06-05,16,2021-06-07,16,0.0
11,2021-06-05,4,2021-06-07,4,0.0
12,2021-06-05,199,2021-06-07,211,0.05687203791469194
13,2021-06-05,149,2021-06-07,149,0.0
15,2021-06-05,3,2021-06-07,3,0.0
16,2021-06-05,11,2021-06-07,11,0.0
17,2021-06-05,148,2021-06-07,148,0.0
18,2021-06-05,70,2021-06-07,70,0.0
19,2021-06-05,13,2021-06-07,13,0.0
20,2021-06-05,8,2021-06-07,8,0.0
21,2021-06-05,309,2021-06-07,309,0.0
22,2021-06-05,39,2021-06-07,39,0.0
23,2021-06-05,14,2021-06-07,14,0.0
24,2021-06-05,40,2021-06-07,40,0.0
25,2021-06-05,39,2021-06-07,35,-0.11428571428571428
26,2021-06-05,212,2021-06-07,212,0.0
27,2021-06-05,43,2021-06-07,43,0.0
28,2021-06-05,15,2021-06-07,15,0.0
29,2021-06-05,62,2021-06-07,62,0.0
30,2021-06-05,19,2021-06-07,19,0.0
31,2021-06-05,0,2021-06-07,0,0.0
32,2021-06-05,14,2021-06-07,14,0.0
33,2021-06-05,3,2021-06-07,3,0.0
34,2021-06-05,72,2021-06-07,72,0.0
35,2021-06-05,17,2021-06-07,17,0.0
36,2021-06-05,160,2021-06-07,157,-0.01910828025477707
37,2021-06-05,73,2021-06-07,73,0.0
38,2021-06-05,4,2021-06-07,4,0.0
39,2021-06-05,119,2021-06-07,76,-0.5657894736842105
40,2021-06-05,25,2021-06-07,25,0.0
41,2021-06-05,25,2021-06-07,25,0.0
42,2021-06-05,140,2021-06-07,140,0.0
44,2021-06-05,9,2021-06-07,9,0.0
45,2021-06-05,24,2021-06-07,24,0.0
46,2021-06-05,12,2021-06-07,12,0.0
47,2021-06-05,35,2021-06-07,33,-0.06060606060606061
48,2021-06-05,210,2021-06-07,210,0.0
49,2021-06-05,10,2021-06-07,10,0.0
50,2021-06-05,1,2021-06-07,1,0.0
51,2021-06-05,69,2021-06-07,69,0.0
53,2021-06-05,71,2021-06-07,71,0.0
54,2021-06-05,21,2021-06-07,21,0.0
55,2021-06-05,124,2021-06-07,124,0.0
56,2021-06-05,1,2021-06-07,1,0.0
60,2021-06-05,0,2021-06-07,0,0.0
66,2021-06-05,0,2021-06-07,0,0.0
69,2021-06-05,0,2021-06-07,0,0.0
72,2021-06-05,17,2021-06-07,17,0.0
78,2021-06-05,1,2021-06-07,1,0.0
01,2021-06-12,68,2021-06-14,68,0.0
02,2021-06-12,4,2021-06-14,4,0.0
04,2021-06-12,63,2021-06-14,63,0.0
05,2021-06-12,14,2021-06-14,14,0.0
06,2021-06-12,180,2021-06-14,30,-5.0
08,2021-06-12,75,2021-06-14,75,0.0
09,2021-06-12,15,2021-06-14,15,0.0
10,2021-06-12,2,2021-06-14,2,0.0
11,2021-06-12,1,2021-06-14,2,0.5
12,2021-06-12,280,2021-06-14,280,0.0
13,2021-06-12,172,2021-06-14,172,0.0
15,2021-06-12,4,2021-06-14,4,0.0
16,2021-06-12,15,2021-06-14,15,0.0
17,2021-06-12,155,2021-06-14,155,0.0
18,2021-06-12,60,2021-06-14,60,0.0
19,2021-06-12,31,2021-06-14,31,0.0
20,2021-06-12,22,2021-06-14,22,0.0
21,2021-06-12,64,2021-06-14,64,0.0
22,2021-06-12,33,2021-06-14,33,0.0
23,2021-06-12,6,2021-06-14,6,0.0
24,2021-06-12,44,2021-06-14,44,0.0
25,2021-06-12,32,2021-06-14,29,-0.10344827586206896
26,2021-06-12,190,2021-06-14,190,0.0
27,2021-06-12,42,2021-06-14,42,0.0
28,2021-06-12,28,2021-06-14,28,0.0
29,2021-06-12,57,2021-06-14,57,0.0
30,2021-06-12,9,2021-06-14,9,0.0
31,2021-06-12,7,2021-06-14,7,0.0
32,2021-06-12,22,2021-06-14,22,0.0
33,2021-06-12,5,2021-06-14,5,0.0
34,2021-06-12,51,2021-06-14,51,0.0
35,2021-06-12,17,2021-06-14,17,0.0
36,2021-06-12,110,2021-06-14,109,-0.009174311926605505
37,2021-06-12,114,2021-06-14,114,0.0
38,2021-06-12,4,2021-06-14,4,0.0
39,2021-06-12,0,2021-06-14,66,1.0
40,2021-06-12,9,2021-06-14,9,0.0
41,2021-06-12,38,2021-06-14,38,0.0
42,2021-06-12,122,2021-06-14,122,0.0
44,2021-06-12,5,2021-06-14,5,0.0
45,2021-06-12,24,2021-06-14,24,0.0
46,2021-06-12,4,2021-06-14,4,0.0
47,2021-06-12,22,2021-06-14,17,-0.29411764705882354
48,2021-06-12,211,2021-06-14,211,0.0
49,2021-06-12,12,2021-06-14,12,0.0
50,2021-06-12,0,2021-06-14,0,0.0
51,2021-06-12,64,2021-06-14,64,0.0
53,2021-06-12,-21,2021-06-14,-21,0.0
54,2021-06-12,36,2021-06-14,36,0.0
55,2021-06-12,59,2021-06-14,59,0.0
56,2021-06-12,5,2021-06-14,5,0.0
60,2021-06-12,0,2021-06-14,0,0.0
66,2021-06-12,0,2021-06-14,0,0.0
69,2021-06-12,0,2021-06-14,0,0.0
72,2021-06-12,12,2021-06-14,12,0.0
78,2021-06-12,0,2021-06-14,0,0.0
01,2021-06-19,40,2021-06-21,40,0.0
02,2021-06-19,0,2021-06-21,0,0.0
04,2021-06-19,77,2021-06-21,77,0.0
05,2021-06-19,14,2021-06-21,14,0.0
06,2021-06-19,121,2021-06-21,172,0.29651162790697677
08,2021-06-19,44,2021-06-21,44,0.0
09,2021-06-19,9,2021-06-21,9,0.0
10,2021-06-19,3,2021-06-21,3,0.0
11,2021-06-19,3,2021-06-21,3,0.0
12,2021-06-19,290,2021-06-21,290,0.0
13,2021-06-19,161,2021-06-21,161,0.0
15,2021-06-19,5,2021-06-21,5,0.0
16,2021-06-19,6,2021-06-21,6,0.0
17,2021-06-19,97,2021-06-21,97,0.0
18,2021-06-19,50,2021-06-21,50,0.0
19,2021-06-19,13,2021-06-21,13,0.0
20,2021-06-19,22,2021-06-21,22,0.0
21,2021-06-19,25,2021-06-21,29,0.13793103448275862
22,2021-06-19,40,2021-06-21,40,0.0
23,2021-06-19,9,2021-06-21,9,0.0
24,2021-06-19,24,2021-06-21,24,0.0
25,2021-06-19,24,2021-06-21,25,0.04
26,2021-06-19,84,2021-06-21,84,0.0
27,2021-06-19,33,2021-06-21,33,0.0
28,2021-06-19,18,2021-06-21,18,0.0
29,2021-06-19,33,2021-06-21,33,0.0
30,2021-06-19,10,2021-06-21,10,0.0
31,2021-06-19,3,2021-06-21,3,0.0
32,2021-06-19,27,2021-06-21,27,0.0
33,2021-06-19,7,2021-06-21,7,0.0
34,2021-06-19,48,2021-06-21,48,0.0
35,2021-06-19,19,2021-06-21,19,0.0
36,2021-06-19,65,2021-06-21,65,0.0
37,2021-06-19,75,2021-06-21,75,0.0
38,2021-06-19,3,2021-06-21,3,0.0
39,2021-06-19,0,2021-06-21,56,1.0
40,2021-06-19,29,2021-06-21,29,0.0
41,2021-06-19,24,2021-06-21,24,0.0
42,2021-06-19,94,2021-06-21,94,0.0
44,2021-06-19,2,2021-06-21,2,0.0
45,2021-06-19,16,2021-06-21,16,0.0
46,2021-06-19,1,2021-06-21,1,0.0
47,2021-06-19,18,2021-06-21,25,0.28
48,2021-06-19,186,2021-06-21,186,0.0
49,2021-06-19,5,2021-06-21,5,0.0
50,2021-06-19,0,2021-06-21,0,0.0
51,2021-06-19,50,2021-06-21,50,0.0
53,2021-06-19,5,2021-06-21,5,0.0
54,2021-06-19,14,2021-06-21,14,0.0
55,2021-06-19,34,2021-06-21,34,0.0
56,2021-06-19,9,2021-06-21,9,0.0
60,2021-06-19,0,2021-06-21,0,0.0
66,2021-06-19,0,2021-06-21,0,0.0
69,2021-06-19,0,2021-06-21,0,0.0
72,2021-06-19,10,2021-06-21,10,0.0
78,2021-06-19,2,2021-06-21,2,0.0
01,2021-06-26,30,2021-06-28,30,0.0
02,2021-06-26,1,2021-06-28,1,0.0
04,2021-06-26,76,2021-06-28,76,0.0
05,2021-06-26,19,2021-06-28,19,0.0
06,2021-06-26,261,2021-06-28,291,0.10309278350515463
08,2021-06-26,38,2021-06-28,38,0.0
09,2021-06-26,5,2021-06-28,5,0.0
10,2021-06-26,12,2021-06-28,12,0.0
11,2021-06-26,0,2021-06-28,0,0.0
12,2021-06-26,217,2021-06-28,217,0.0
13,2021-06-26,74,2021-06-28,74,0.0
15,2021-06-26,5,2021-06-28,5,0.0
16,2021-06-26,23,2021-06-28,23,0.0
17,2021-06-26,66,2021-06-28,66,0.0
18,2021-06-26,27,2021-06-28,27,0.0
19,2021-06-26,19,2021-06-28,19,0.0
20,2021-06-26,18,2021-06-28,18,0.0
21,2021-06-26,24,2021-06-28,23,-0.043478260869565216
22,2021-06-26,35,2021-06-28,35,0.0
23,2021-06-26,4,2021-06-28,4,0.0
24,2021-06-26,27,2021-06-28,27,0.0
25,2021-06-26,24,2021-06-28,18,-0.3333333333333333
26,2021-06-26,97,2021-06-28,97,0.0
27,2021-06-26,42,2021-06-28,42,0.0
28,2021-06-26,24,2021-06-28,24,0.0
29,2021-06-26,28,2021-06-28,28,0.0
30,2021-06-26,11,2021-06-28,11,0.0
31,2021-06-26,0,2021-06-28,0,0.0
32,2021-06-26,18,2021-06-28,18,0.0
33,2021-06-26,4,2021-06-28,4,0.0
34,2021-06-26,62,2021-06-28,62,0.0
35,2021-06-26,19,2021-06-28,19,0.0
36,2021-06-26,45,2021-06-28,45,0.0
37,2021-06-26,72,2021-06-28,72,0.0
38,2021-06-26,5,2021-06-28,5,0.0
39,2021-06-26,3,2021-06-28,38,0.9210526315789473
40,2021-06-26,30,2021-06-28,30,0.0
41,2021-06-26,10,2021-06-28,10,0.0
42,2021-06-26,83,2021-06-28,83,0.0
44,2021-06-26,4,2021-06-28,4,0.0
45,2021-06-26,27,2021-06-28,27,0.0
46,2021-06-26,3,2021-06-28,3,0.0
47,2021-06-26,34,2021-06-28,32,-0.0625
48,2021-06-26,167,2021-06-28,167,0.0
49,2021-06-26,27,2021-06-28,27,0.0
50,2021-06-26,0,2021-06-28,0,0.0
51,2021-06-26,59,2021-06-28,59,0.0
53,2021-06-26,82,2021-06-28,82,0.0
54,2021-06-26,13,2021-06-28,13,0.0
55,2021-06-26,52,2021-06-28,52,0.0
56,2021-06-26,6,2021-06-28,6,0.0
60,2021-06-26,0,2021-06-28,0,0.0
66,2021-06-26,0,2021-06-28,0,0.0
69,2021-06-26,0,2021-06-28,0,0.0
72,2021-06-26,6,2021-06-28,6,0.0
78,2021-06-26,0,2021-06-28,0,0.0
01,2021-07-03,22,2021-07-05,22,0.0
02,2021-07-03,3,2021-07-05,3,0.0
04,2021-07-03,61,2021-07-05,61,0.0
05,2021-07-03,20,2021-07-05,20,0.0
06,2021-07-03,82,2021-07-05,166,0.5060240963855421
08,2021-07-03,44,2021-07-05,44,0.0
09,2021-07-03,4,2021-07-05,4,0.0
10,2021-07-03,1,2021-07-05,1,0.0
11,2021-07-03,0,2021-07-05,0,0.0
12,2021-07-03,213,2021-07-05,213,0.0
13,2021-07-03,50,2021-07-05,50,0.0
15,2021-07-03,2,2021-07-05,2,0.0
16,2021-07-03,13,2021-07-05,13,0.0
17,2021-07-03,46,2021-07-05,46,0.0
18,2021-07-03,41,2021-07-05,41,0.0
19,2021-07-03,15,2021-07-05,15,0.0
20,2021-07-03,11,2021-07-05,11,0.0
21,2021-07-03,25,2021-07-05,30,0.16666666666666666
22,2021-07-03,34,2021-07-05,34,0.0
23,2021-07-03,2,2021-07-05,2,0.0
24,2021-07-03,15,2021-07-05,15,0.0
25,2021-07-03,10,2021-07-05,9,-0.1111111111111111
26,2021-07-03,50,2021-07-05,50,0.0
27,2021-07-03,32,2021-07-05,32,0.0
28,2021-07-03,24,2021-07-05,24,0.0
29,2021-07-03,80,2021-07-05,80,0.0
30,2021-07-03,4,2021-07-05,4,0.0
31,2021-07-03,2,2021-07-05,2,0.0
32,2021-07-03,30,2021-07-05,30,0.0
33,2021-07-03,1,2021-07-05,1,0.0
34,2021-07-03,38,2021-07-05,38,0.0
35,2021-07-03,9,2021-07-05,9,0.0
36,2021-07-03,43,2021-07-05,43,0.0
37,2021-07-03,22,2021-07-05,22,0.0
38,2021-07-03,0,2021-07-05,0,0.0
39,2021-07-03,35,2021-07-05,34,-0.029411764705882353
40,2021-07-03,4,2021-07-05,4,0.0
41,2021-07-03,18,2021-07-05,18,0.0
42,2021-07-03,62,2021-07-05,62,0.0
44,2021-07-03,2,2021-07-05,2,0.0
45,2021-07-03,11,2021-07-05,11,0.0
46,2021-07-03,8,2021-07-05,8,0.0
47,2021-07-03,21,2021-07-05,23,0.08695652173913043
48,2021-07-03,208,2021-07-05,208,0.0
49,2021-07-03,23,2021-07-05,23,0.0
50,2021-07-03,2,2021-07-05,2,0.0
51,2021-07-03,21,2021-07-05,21,0.0
53,2021-07-03,37,2021-07-05,37,0.0
54,2021-07-03,23,2021-07-05,23,0.0
55,2021-07-03,36,2021-07-05,36,0.0
56,2021-07-03,7,2021-07-05,7,0.0
60,2021-07-03,0,2021-07-05,0,0.0
66,2021-07-03,1,2021-07-05,1,0.0
69,2021-07-03,0,2021-07-05,0,0.0
72,2021-07-03,6,2021-07-05,6,0.0
78,2021-07-03,0,2021-07-05,0,0.0
01,2021-07-10,44,2021-07-12,44,0.0
02,2021-07-10,2,2021-07-12,2,0.0
04,2021-07-10,54,2021-07-12,54,0.0
05,2021-07-10,35,2021-07-12,35,0.0
06,2021-07-10,281,2021-07-12,237,-0.18565400843881857
08,2021-07-10,34,2021-07-12,34,0.0
09,2021-07-10,0,2021-07-12,0,0.0
10,2021-07-10,0,2021-07-12,0,0.0
11,2021-07-10,2,2021-07-12,2,0.0
12,2021-07-10,172,2021-07-12,172,0.0
13,2021-07-10,43,2021-07-12,43,0.0
15,2021-07-10,3,2021-07-12,3,0.0
16,2021-07-10,7,2021-07-12,7,0.0
17,2021-07-10,52,2021-07-12,52,0.0
18,2021-07-10,51,2021-07-12,51,0.0
19,2021-07-10,3,2021-07-12,3,0.0
20,2021-07-10,18,2021-07-12,18,0.0
21,2021-07-10,26,2021-07-12,21,-0.23809523809523808
22,2021-07-10,24,2021-07-12,24,0.0
23,2021-07-10,2,2021-07-12,2,0.0
24,2021-07-10,13,2021-07-12,13,0.0
25,2021-07-10,14,2021-07-12,15,0.06666666666666667
26,2021-07-10,50,2021-07-12,50,0.0
27,2021-07-10,12,2021-07-12,12,0.0
28,2021-07-10,20,2021-07-12,20,0.0
29,2021-07-10,48,2021-07-12,48,0.0
30,2021-07-10,7,2021-07-12,7,0.0
31,2021-07-10,1,2021-07-12,1,0.0
32,2021-07-10,23,2021-07-12,23,0.0
33,2021-07-10,3,2021-07-12,3,0.0
34,2021-07-10,29,2021-07-12,29,0.0
35,2021-07-10,10,2021-07-12,10,0.0
36,2021-07-10,41,2021-07-12,41,0.0
37,2021-07-10,49,2021-07-12,49,0.0
38,2021-07-10,4,2021-07-12,4,0.0
39,2021-07-10,36,2021-07-12,29,-0.2413793103448276
40,2021-07-10,18,2021-07-12,18,0.0
41,2021-07-10,11,2021-07-12,11,0.0
42,2021-07-10,39,2021-07-12,39,0.0
44,2021-07-10,0,2021-07-12,0,0.0
45,2021-07-10,16,2021-07-12,16,0.0
46,2021-07-10,1,2021-07-12,1,0.0
47,2021-07-10,25,2021-07-12,24,-0.041666666666666664
48,2021-07-10,151,2021-07-12,151,0.0
49,2021-07-10,15,2021-07-12,15,0.0
50,2021-07-10,0,2021-07-12,0,0.0
51,2021-07-10,27,2021-07-12,27,0.0
53,2021-07-10,58,2021-07-12,58,0.0
54,2021-07-10,9,2021-07-12,9,0.0
55,2021-07-10,47,2021-07-12,47,0.0
56,2021-07-10,4,2021-07-12,4,0.0
60,2021-07-10,0,2021-07-12,0,0.0
66,2021-07-10,1,2021-07-12,1,0.0
69,2021-07-10,0,2021-07-12,0,0.0
72,2021-07-10,2,2021-07-12,2,0.0
78,2021-07-10,2,2021-07-12,2,0.0
01,2021-07-17,41,2021-07-19,41,0.0
02,2021-07-17,2,2021-07-19,2,0.0
04,2021-07-17,71,2021-07-19,71,0.0
05,2021-07-17,44,2021-07-19,44,0.0
06,2021-07-17,161,2021-07-19,224,0.28125
08,2021-07-17,38,2021-07-19,38,0.0
09,2021-07-17,3,2021-07-19,3,0.0
10,2021-07-17,2,2021-07-19,2,0.0
11,2021-07-17,3,2021-07-19,3,0.0
12,2021-07-17,231,2021-07-19,231,0.0
13,2021-07-17,72,2021-07-19,72,0.0
15,2021-07-17,2,2021-07-19,2,0.0
16,2021-07-17,8,2021-07-19,8,0.0
17,2021-07-17,60,2021-07-19,60,0.0
18,2021-07-17,26,2021-07-19,26,0.0
19,2021-07-17,9,2021-07-19,9,0.0
20,2021-07-17,25,2021-07-19,25,0.0
21,2021-07-17,29,2021-07-19,34,0.14705882352941177
22,2021-07-17,47,2021-07-19,47,0.0
23,2021-07-17,20,2021-07-19,20,0.0
24,2021-07-17,18,2021-07-19,18,0.0
25,2021-07-17,9,2021-07-19,28,0.6785714285714286
26,2021-07-17,50,2021-07-19,50,0.0
27,2021-07-17,13,2021-07-19,13,0.0
28,2021-07-17,26,2021-07-19,26,0.0
29,2021-07-17,90,2021-07-19,90,0.0
30,2021-07-17,18,2021-07-19,18,0.0
31,2021-07-17,13,2021-07-19,13,0.0
32,2021-07-17,38,2021-07-19,38,0.0
33,2021-07-17,6,2021-07-19,6,0.0
34,2021-07-17,35,2021-07-19,35,0.0
35,2021-07-17,25,2021-07-19,25,0.0
36,2021-07-17,32,2021-07-19,32,0.0
37,2021-07-17,40,2021-07-19,40,0.0
38,2021-07-17,5,2021-07-19,5,0.0
39,2021-07-17,57,2021-07-19,33,-0.7272727272727273
40,2021-07-17,11,2021-07-19,11,0.0
41,2021-07-17,25,2021-07-19,25,0.0
42,2021-07-17,47,2021-07-19,47,0.0
44,2021-07-17,6,2021-07-19,6,0.0
45,2021-07-17,16,2021-07-19,16,0.0
46,2021-07-17,2,2021-07-19,2,0.0
47,2021-07-17,-63,2021-07-19,40,2.575
48,2021-07-17,192,2021-07-19,192,0.0
49,2021-07-17,20,2021-07-19,20,0.0
50,2021-07-17,0,2021-07-19,0,0.0
51,2021-07-17,27,2021-07-19,27,0.0
53,2021-07-17,45,2021-07-19,45,0.0
54,2021-07-17,11,2021-07-19,11,0.0
55,2021-07-17,27,2021-07-19,27,0.0
56,2021-07-17,9,2021-07-19,9,0.0
60,2021-07-17,0,2021-07-19,0,0.0
66,2021-07-17,1,2021-07-19,1,0.0
69,2021-07-17,0,2021-07-19,0,0.0
72,2021-07-17,7,2021-07-19,7,0.0
78,2021-07-17,0,2021-07-19,0,0.0
01,2021-07-24,40,2021-07-26,40,0.0
02,2021-07-24,3,2021-07-26,3,0.0
04,2021-07-24,70,2021-07-26,70,0.0
05,2021-07-24,56,2021-07-26,56,0.0
06,2021-07-24,138,2021-07-26,150,0.08
08,2021-07-24,24,2021-07-26,24,0.0
09,2021-07-24,4,2021-07-26,4,0.0
10,2021-07-24,1,2021-07-26,1,0.0
11,2021-07-24,0,2021-07-26,0,0.0
12,2021-07-24,282,2021-07-26,282,0.0
13,2021-07-24,56,2021-07-26,56,0.0
15,2021-07-24,4,2021-07-26,4,0.0
16,2021-07-24,10,2021-07-26,10,0.0
17,2021-07-24,44,2021-07-26,44,0.0
18,2021-07-24,25,2021-07-26,25,0.0
19,2021-07-24,12,2021-07-26,12,0.0
20,2021-07-24,40,2021-07-26,40,0.0
21,2021-07-24,28,2021-07-26,23,-0.21739130434782608
22,2021-07-24,72,2021-07-26,72,0.0
23,2021-07-24,15,2021-07-26,15,0.0
24,2021-07-24,26,2021-07-26,26,0.0
25,2021-07-24,26,2021-07-26,27,0.037037037037037035
26,2021-07-24,37,2021-07-26,37,0.0
27,2021-07-24,15,2021-07-26,15,0.0
28,2021-07-24,37,2021-07-26,37,0.0
29,2021-07-24,85,2021-07-26,85,0.0
30,2021-07-24,4,2021-07-26,4,0.0
31,2021-07-24,9,2021-07-26,9,0.0
32,2021-07-24,59,2021-07-26,59,0.0
33,2021-07-24,4,2021-07-26,4,0.0
34,2021-07-24,37,2021-07-26,37,0.0
35,2021-07-24,18,2021-07-26,18,0.0
36,2021-07-24,39,2021-07-26,38,-0.02631578947368421
37,2021-07-24,47,2021-07-26,47,0.0
38,2021-07-24,1,2021-07-26,1,0.0
39,2021-07-24,30,2021-07-26,43,0.3023255813953488
40,2021-07-24,37,2021-07-26,37,0.0
41,2021-07-24,19,2021-07-26,19,0.0
42,2021-07-24,33,2021-07-26,33,0.0
44,2021-07-24,3,2021-07-26,3,0.0
45,2021-07-24,16,2021-07-26,16,0.0
46,2021-07-24,2,2021-07-26,2,0.0
47,2021-07-24,131,2021-07-26,43,-2.046511627906977
48,2021-07-24,190,2021-07-26,190,0.0
49,2021-07-24,12,2021-07-26,12,0.0
50,2021-07-24,1,2021-07-26,1,0.0
51,2021-07-24,23,2021-07-26,23,0.0
53,2021-07-24,36,2021-07-26,36,0.0
54,2021-07-24,17,2021-07-26,17,0.0
55,2021-07-24,31,2021-07-26,31,0.0
56,2021-07-24,6,2021-07-26,6,0.0
60,2021-07-24,0,2021-07-26,0,0.0
66,2021-07-24,1,2021-07-26,1,0.0
69,2021-07-24,0,2021-07-26,0,0.0
72,2021-07-24,-8,2021-07-26,7,2.142857142857143
78,2021-07-24,3,2021-07-26,3,0.0
01,2021-07-31,53,2021-08-02,53,0.0
02,2021-07-31,5,2021-08-02,5,0.0
04,2021-07-31,76,2021-08-02,76,0.0
05,2021-07-31,93,2021-08-02,93,0.0
06,2021-07-31,194,2021-08-02,189,-0.026455026455026454
08,2021-07-31,35,2021-08-02,35,0.0
09,2021-07-31,7,2021-08-02,7,0.0
10,2021-07-31,135,2021-08-02,135,0.0
11,2021-07-31,3,2021-08-02,3,0.0
12,2021-07-31,409,2021-08-02,409,0.0
13,2021-07-31,62,2021-08-02,62,0.0
15,2021-07-31,10,2021-08-02,10,0.0
16,2021-07-31,14,2021-08-02,14,0.0
17,2021-07-31,39,2021-08-02,39,0.0
18,2021-07-31,40,2021-08-02,40,0.0
19,2021-07-31,13,2021-08-02,13,0.0
20,2021-07-31,20,2021-08-02,20,0.0
21,2021-07-31,22,2021-08-02,25,0.12
22,2021-07-31,99,2021-08-02,99,0.0
23,2021-07-31,3,2021-08-02,3,0.0
24,2021-07-31,19,2021-08-02,19,0.0
25,2021-07-31,36,2021-08-02,31,-0.16129032258064516
26,2021-07-31,42,2021-08-02,42,0.0
27,2021-07-31,18,2021-08-02,18,0.0
28,2021-07-31,41,2021-08-02,41,0.0
29,2021-07-31,120,2021-08-02,120,0.0
30,2021-07-31,9,2021-08-02,9,0.0
31,2021-07-31,-4,2021-08-02,-4,0.0
32,2021-07-31,95,2021-08-02,95,0.0
33,2021-07-31,2,2021-08-02,2,0.0
34,2021-07-31,29,2021-08-02,29,0.0
35,2021-07-31,13,2021-08-02,13,0.0
36,2021-07-31,47,2021-08-02,47,0.0
37,2021-07-31,65,2021-08-02,65,0.0
38,2021-07-31,1,2021-08-02,1,0.0
39,2021-07-31,25,2021-08-02,47,0.46808510638297873
40,2021-07-31,31,2021-08-02,31,0.0
41,2021-07-31,22,2021-08-02,22,0.0
42,2021-07-31,27,2021-08-02,27,0.0
44,2021-07-31,1,2021-08-02,1,0.0
45,2021-07-31,26,2021-08-02,26,0.0
46,2021-07-31,2,2021-08-02,2,0.0
47,2021-07-31,60,2021-08-02,70,0.14285714285714285
48,2021-07-31,271,2021-08-02,271,0.0
49,2021-07-31,26,2021-08-02,26,0.0
50,2021-07-31,1,2021-08-02,1,0.0
51,2021-07-31,32,2021-08-02,32,0.0
53,2021-07-31,44,2021-08-02,44,0.0
54,2021-07-31,10,2021-08-02,10,0.0
55,2021-07-31,50,2021-08-02,50,0.0
56,2021-07-31,10,2021-08-02,10,0.0
60,2021-07-31,0,2021-08-02,0,0.0
66,2021-07-31,0,2021-08-02,0,0.0
69,2021-07-31,0,2021-08-02,0,0.0
72,2021-07-31,27,2021-08-02,12,-1.25
78,2021-07-31,2,2021-08-02,2,0.0
01,2021-08-07,88,2021-08-09,88,0.0
02,2021-08-07,9,2021-08-09,9,0.0
04,2021-08-07,130,2021-08-09,130,0.0
05,2021-08-07,149,2021-08-09,149,0.0
06,2021-08-07,329,2021-08-09,363,0.09366391184573003
08,2021-08-07,33,2021-08-09,33,0.0
09,2021-08-07,3,2021-08-09,3,0.0
10,2021-08-07,2,2021-08-09,2,0.0
11,2021-08-07,0,2021-08-09,0,0.0
12,2021-08-07,616,2021-08-09,616,0.0
13,2021-08-07,126,2021-08-09,126,0.0
15,2021-08-07,5,2021-08-09,5,0.0
16,2021-08-07,20,2021-08-09,20,0.0
17,2021-08-07,63,2021-08-09,63,0.0
18,2021-08-07,49,2021-08-09,49,0.0
19,2021-08-07,10,2021-08-09,10,0.0
20,2021-08-07,44,2021-08-09,44,0.0
21,2021-08-07,38,2021-08-09,36,-0.05555555555555555
22,2021-08-07,211,2021-08-09,211,0.0
23,2021-08-07,1,2021-08-09,1,0.0
24,2021-08-07,24,2021-08-09,24,0.0
25,2021-08-07,13,2021-08-09,12,-0.08333333333333333
26,2021-08-07,33,2021-08-09,33,0.0
27,2021-08-07,26,2021-08-09,26,0.0
28,2021-08-07,78,2021-08-09,78,0.0
29,2021-08-07,175,2021-08-09,175,0.0
30,2021-08-07,18,2021-08-09,18,0.0
31,2021-08-07,10,2021-08-09,10,0.0
32,2021-08-07,93,2021-08-09,93,0.0
33,2021-08-07,2,2021-08-09,2,0.0
34,2021-08-07,43,2021-08-09,43,0.0
35,2021-08-07,15,2021-08-09,15,0.0
36,2021-08-07,88,2021-08-09,88,0.0
37,2021-08-07,101,2021-08-09,101,0.0
38,2021-08-07,3,2021-08-09,3,0.0
39,2021-08-07,0,2021-08-09,66,1.0
40,2021-08-07,46,2021-08-09,46,0.0
41,2021-08-07,31,2021-08-09,31,0.0
42,2021-08-07,50,2021-08-09,50,0.0
44,2021-08-07,3,2021-08-09,3,0.0
45,2021-08-07,46,2021-08-09,46,0.0
46,2021-08-07,7,2021-08-09,7,0.0
47,2021-08-07,96,2021-08-09,89,-0.07865168539325842
48,2021-08-07,384,2021-08-09,384,0.0
49,2021-08-07,43,2021-08-09,43,0.0
50,2021-08-07,0,2021-08-09,0,0.0
51,2021-08-07,26,2021-08-09,26,0.0
53,2021-08-07,46,2021-08-09,46,0.0
54,2021-08-07,19,2021-08-09,19,0.0
55,2021-08-07,10,2021-08-09,10,0.0
56,2021-08-07,10,2021-08-09,10,0.0
60,2021-08-07,0,2021-08-09,0,0.0
66,2021-08-07,0,2021-08-09,0,0.0
69,2021-08-07,0,2021-08-09,0,0.0
72,2021-08-07,29,2021-08-09,29,0.0
78,2021-08-07,3,2021-08-09,3,0.0
01,2021-08-14,141,2021-08-16,141,0.0
02,2021-08-14,5,2021-08-16,5,0.0
04,2021-08-14,86,2021-08-16,86,0.0
05,2021-08-14,155,2021-08-16,155,0.0
06,2021-08-14,-121,2021-08-16,-136,-15.0
08,2021-08-14,54,2021-08-16,54,0.0
09,2021-08-14,11,2021-08-16,11,0.0
10,2021-08-14,3,2021-08-16,3,0.0
11,2021-08-14,1,2021-08-16,1,0.0
12,2021-08-14,1071,2021-08-16,1071,0.0
13,2021-08-14,176,2021-08-16,176,0.0
15,2021-08-14,6,2021-08-16,6,0.0
16,2021-08-14,28,2021-08-16,28,0.0
17,2021-08-14,91,2021-08-16,91,0.0
18,2021-08-14,74,2021-08-16,74,0.0
19,2021-08-14,17,2021-08-16,17,0.0
20,2021-08-14,86,2021-08-16,86,0.0
21,2021-08-14,54,2021-08-16,58,0.06896551724137931
22,2021-08-14,309,2021-08-16,309,0.0
23,2021-08-14,3,2021-08-16,3,0.0
24,2021-08-14,38,2021-08-16,38,0.0
25,2021-08-14,47,2021-08-16,46,-0.021739130434782608
26,2021-08-14,63,2021-08-16,63,0.0
27,2021-08-14,35,2021-08-16,35,0.0
28,2021-08-14,140,2021-08-16,140,0.0
29,2021-08-14,203,2021-08-16,203,0.0
30,2021-08-14,8,2021-08-16,8,0.0
31,2021-08-14,-5,2021-08-16,-5,0.0
32,2021-08-14,155,2021-08-16,155,0.0
33,2021-08-14,6,2021-08-16,6,0.0
34,2021-08-14,47,2021-08-16,47,0.0
35,2021-08-14,21,2021-08-16,21,0.0
36,2021-08-14,126,2021-08-16,128,0.015625
37,2021-08-14,90,2021-08-16,90,0.0
38,2021-08-14,3,2021-08-16,3,0.0
39,2021-08-14,58,2021-08-16,124,0.532258064516129
40,2021-08-14,63,2021-08-16,63,0.0
41,2021-08-14,46,2021-08-16,46,0.0
42,2021-08-14,66,2021-08-16,66,0.0
44,2021-08-14,1,2021-08-16,1,0.0
45,2021-08-14,89,2021-08-16,89,0.0
46,2021-08-14,2,2021-08-16,2,0.0
47,2021-08-14,114,2021-08-16,128,0.109375
48,2021-08-14,628,2021-08-16,628,0.0
49,2021-08-14,31,2021-08-16,31,0.0
50,2021-08-14,4,2021-08-16,4,0.0
51,2021-08-14,41,2021-08-16,41,0.0
53,2021-08-14,71,2021-08-16,71,0.0
54,2021-08-14,11,2021-08-16,11,0.0
55,2021-08-14,22,2021-08-16,22,0.0
56,2021-08-14,7,2021-08-16,7,0.0
60,2021-08-14,0,2021-08-16,0,0.0
66,2021-08-14,0,2021-08-16,0,0.0
69,2021-08-14,0,2021-08-16,0,0.0
72,2021-08-14,53,2021-08-16,53,0.0
78,2021-08-14,1,2021-08-16,1,0.0
01,2021-08-21,235,2021-08-23,235,0.0
02,2021-08-21,11,2021-08-23,11,0.0
04,2021-08-21,99,2021-08-23,135,0.26666666666666666
05,2021-08-21,200,2021-08-23,200,0.0
06,2021-08-21,464,2021-08-23,498,0.06827309236947791
08,2021-08-21,35,2021-08-23,35,0.0
09,2021-08-21,30,2021-08-23,30,0.0
10,2021-08-21,16,2021-08-23,16,0.0
11,2021-08-21,5,2021-08-23,5,0.0
12,2021-08-21,1486,2021-08-23,1486,0.0
13,2021-08-21,221,2021-08-23,221,0.0
15,2021-08-21,15,2021-08-23,15,0.0
16,2021-08-21,38,2021-08-23,38,0.0
17,2021-08-21,123,2021-08-23,123,0.0
18,2021-08-21,100,2021-08-23,100,0.0
19,2021-08-21,16,2021-08-23,16,0.0
20,2021-08-21,107,2021-08-23,107,0.0
21,2021-08-21,91,2021-08-23,98,0.07142857142857142
22,2021-08-21,399,2021-08-23,399,0.0
23,2021-08-21,20,2021-08-23,20,0.0
24,2021-08-21,51,2021-08-23,51,0.0
25,2021-08-21,32,2021-08-23,35,0.08571428571428572
26,2021-08-21,109,2021-08-23,109,0.0
27,2021-08-21,31,2021-08-23,31,0.0
28,2021-08-21,230,2021-08-23,230,0.0
29,2021-08-21,181,2021-08-23,181,0.0
30,2021-08-21,25,2021-08-23,25,0.0
31,2021-08-21,17,2021-08-23,17,0.0
32,2021-08-21,120,2021-08-23,120,0.0
33,2021-08-21,2,2021-08-23,2,0.0
34,2021-08-21,58,2021-08-23,58,0.0
35,2021-08-21,26,2021-08-23,26,0.0
36,2021-08-21,155,2021-08-23,155,0.0
37,2021-08-21,233,2021-08-23,233,0.0
38,2021-08-21,6,2021-08-23,6,0.0
39,2021-08-21,75,2021-08-23,190,0.6052631578947368
40,2021-08-21,82,2021-08-23,82,0.0
41,2021-08-21,77,2021-08-23,77,0.0
42,2021-08-21,108,2021-08-23,108,0.0
44,2021-08-21,9,2021-08-23,9,0.0
45,2021-08-21,174,2021-08-23,174,0.0
46,2021-08-21,5,2021-08-23,5,0.0
47,2021-08-21,201,2021-08-23,212,0.05188679245283019
48,2021-08-21,937,2021-08-23,937,0.0
49,2021-08-21,47,2021-08-23,47,0.0
50,2021-08-21,6,2021-08-23,6,0.0
51,2021-08-21,48,2021-08-23,48,0.0
53,2021-08-21,117,2021-08-23,117,0.0
54,2021-08-21,32,2021-08-23,32,0.0
55,2021-08-21,46,2021-08-23,46,0.0
56,2021-08-21,16,2021-08-23,16,0.0
60,2021-08-21,0,2021-08-23,0,0.0
66,2021-08-21,1,2021-08-23,1,0.0
69,2021-08-21,0,2021-08-23,0,0.0
72,2021-08-21,76,2021-08-23,76,0.0
78,2021-08-21,4,2021-08-23,4,0.0
01,2021-08-28,219,2021-08-30,219,0.0
02,2021-08-28,24,2021-08-30,24,0.0
04,2021-08-28,182,2021-08-30,182,0.0
05,2021-08-28,209,2021-08-30,209,0.0
06,2021-08-28,593,2021-08-30,579,-0.024179620034542316
08,2021-08-28,44,2021-08-30,44,0.0
09,2021-08-28,21,2021-08-30,21,0.0
10,2021-08-28,23,2021-08-30,23,0.0
11,2021-08-28,4,2021-08-30,4,0.0
12,2021-08-28,1727,2021-08-30,1727,0.0
13,2021-08-28,354,2021-08-30,354,0.0
15,2021-08-28,24,2021-08-30,24,0.0
16,2021-08-28,44,2021-08-30,44,0.0
17,2021-08-28,172,2021-08-30,172,0.0
18,2021-08-28,145,2021-08-30,145,0.0
19,2021-08-28,42,2021-08-30,42,0.0
20,2021-08-28,52,2021-08-30,52,0.0
21,2021-08-28,168,2021-08-30,166,-0.012048192771084338
22,2021-08-28,441,2021-08-30,441,0.0
23,2021-08-28,6,2021-08-30,6,0.0
24,2021-08-28,45,2021-08-30,45,0.0
25,2021-08-28,45,2021-08-30,47,0.0425531914893617
26,2021-08-28,127,2021-08-30,127,0.0
27,2021-08-28,39,2021-08-30,39,0.0
28,2021-08-28,288,2021-08-30,288,0.0
29,2021-08-28,250,2021-08-30,250,0.0
30,2021-08-28,28,2021-08-30,28,0.0
31,2021-08-28,17,2021-08-30,17,0.0
32,2021-08-28,153,2021-08-30,153,0.0
33,2021-08-28,18,2021-08-30,18,0.0
34,2021-08-28,94,2021-08-30,94,0.0
35,2021-08-28,33,2021-08-30,33,0.0
36,2021-08-28,147,2021-08-30,147,0.0
37,2021-08-28,260,2021-08-30,260,0.0
38,2021-08-28,10,2021-08-30,10,0.0
39,2021-08-28,110,2021-08-30,242,0.5454545454545454
40,2021-08-28,136,2021-08-30,136,0.0
41,2021-08-28,103,2021-08-30,103,0.0
42,2021-08-28,131,2021-08-30,131,0.0
44,2021-08-28,11,2021-08-30,11,0.0
45,2021-08-28,239,2021-08-30,239,0.0
46,2021-08-28,5,2021-08-30,5,0.0
47,2021-08-28,203,2021-08-30,235,0.13617021276595745
48,2021-08-28,1351,2021-08-30,1351,0.0
49,2021-08-28,51,2021-08-30,51,0.0
50,2021-08-28,5,2021-08-30,5,0.0
51,2021-08-28,122,2021-08-30,122,0.0
53,2021-08-28,151,2021-08-30,151,0.0
54,2021-08-28,56,2021-08-30,56,0.0
55,2021-08-28,70,2021-08-30,70,0.0
56,2021-08-28,26,2021-08-30,26,0.0
60,2021-08-28,0,2021-08-30,0,0.0
66,2021-08-28,1,2021-08-30,1,0.0
69,2021-08-28,0,2021-08-30,0,0.0
72,2021-08-28,88,2021-08-30,88,0.0
78,2021-08-28,8,2021-08-30,8,0.0
01,2021-09-04,195,2021-09-06,195,0.0
02,2021-09-04,10,2021-09-06,10,0.0
04,2021-09-04,218,2021-09-06,218,0.0
05,2021-09-04,184,2021-09-06,184,0.0
06,2021-09-04,693,2021-09-06,700,0.01
08,2021-09-04,83,2021-09-06,83,0.0
09,2021-09-04,36,2021-09-06,36,0.0
10,2021-09-04,14,2021-09-06,14,0.0
11,2021-09-04,3,2021-09-06,3,0.0
12,2021-09-04,2345,2021-09-06,2345,0.0
13,2021-09-04,567,2021-09-06,567,0.0
15,2021-09-04,27,2021-09-06,27,0.0
16,2021-09-04,52,2021-09-06,52,0.0
17,2021-09-04,178,2021-09-06,178,0.0
18,2021-09-04,197,2021-09-06,197,0.0
19,2021-09-04,39,2021-09-06,39,0.0
20,2021-09-04,85,2021-09-06,85,0.0
21,2021-09-04,160,2021-09-06,176,0.09090909090909091
22,2021-09-04,348,2021-09-06,348,0.0
23,2021-09-04,10,2021-09-06,10,0.0
24,2021-09-04,78,2021-09-06,78,0.0
25,2021-09-04,67,2021-09-06,59,-0.13559322033898305
26,2021-09-04,152,2021-09-06,152,0.0
27,2021-09-04,45,2021-09-06,45,0.0
28,2021-09-04,261,2021-09-06,261,0.0
29,2021-09-04,222,2021-09-06,222,0.0
30,2021-09-04,28,2021-09-06,28,0.0
31,2021-09-04,28,2021-09-06,28,0.0
32,2021-09-04,150,2021-09-06,150,0.0
33,2021-09-04,11,2021-09-06,11,0.0
34,2021-09-04,98,2021-09-06,98,0.0
35,2021-09-04,47,2021-09-06,47,0.0
36,2021-09-04,219,2021-09-06,219,0.0
37,2021-09-04,389,2021-09-06,389,0.0
38,2021-09-04,4,2021-09-06,4,0.0
39,2021-09-04,148,2021-09-06,333,0.5555555555555556
40,2021-09-04,189,2021-09-06,189,0.0
41,2021-09-04,157,2021-09-06,157,0.0
42,2021-09-04,173,2021-09-06,173,0.0
44,2021-09-04,9,2021-09-06,9,0.0
45,2021-09-04,329,2021-09-06,329,0.0
46,2021-09-04,10,2021-09-06,10,0.0
47,2021-09-04,284,2021-09-06,276,-0.028985507246376812
48,2021-09-04,1695,2021-09-06,1695,0.0
49,2021-09-04,35,2021-09-06,35,0.0
50,2021-09-04,6,2021-09-06,6,0.0
51,2021-09-04,130,2021-09-06,130,0.0
53,2021-09-04,184,2021-09-06,184,0.0
54,2021-09-04,60,2021-09-06,60,0.0
55,2021-09-04,83,2021-09-06,83,0.0
56,2021-09-04,23,2021-09-06,23,0.0
60,2021-09-04,0,2021-09-06,0,0.0
66,2021-09-04,6,2021-09-06,6,0.0
69,2021-09-04,0,2021-09-06,0,0.0
72,2021-09-04,81,2021-09-06,81,0.0
78,2021-09-04,7,2021-09-06,7,0.0
01,2021-09-11,259,2021-09-13,259,0.0
02,2021-09-11,10,2021-09-13,10,0.0
04,2021-09-11,186,2021-09-13,186,0.0
05,2021-09-11,194,2021-09-13,194,0.0
06,2021-09-11,675,2021-09-13,768,0.12109375
08,2021-09-11,80,2021-09-13,80,0.0
09,2021-09-11,30,2021-09-13,30,0.0
10,2021-09-11,9,2021-09-13,9,0.0
11,2021-09-11,3,2021-09-13,3,0.0
12,2021-09-11,2448,2021-09-13,2448,0.0
13,2021-09-11,621,2021-09-13,621,0.0
15,2021-09-11,39,2021-09-13,39,0.0
16,2021-09-11,93,2021-09-13,93,0.0
17,2021-09-11,194,2021-09-13,194,0.0
18,2021-09-11,213,2021-09-13,213,0.0
19,2021-09-11,30,2021-09-13,30,0.0
20,2021-09-11,135,2021-09-13,135,0.0
21,2021-09-11,158,2021-09-13,147,-0.07482993197278912
22,2021-09-11,349,2021-09-13,349,0.0
23,2021-09-11,21,2021-09-13,21,0.0
24,2021-09-11,98,2021-09-13,98,0.0
25,2021-09-11,63,2021-09-13,74,0.14864864864864866
26,2021-09-11,149,2021-09-13,149,0.0
27,2021-09-11,48,2021-09-13,48,0.0
28,2021-09-11,365,2021-09-13,365,0.0
29,2021-09-11,227,2021-09-13,227,0.0
30,2021-09-11,23,2021-09-13,23,0.0
31,2021-09-11,9,2021-09-13,9,0.0
32,2021-09-11,119,2021-09-13,119,0.0
33,2021-09-11,15,2021-09-13,15,0.0
34,2021-09-11,112,2021-09-13,112,0.0
35,2021-09-11,53,2021-09-13,53,0.0
36,2021-09-11,258,2021-09-13,258,0.0
37,2021-09-11,367,2021-09-13,367,0.0
38,2021-09-11,9,2021-09-13,9,0.0
39,2021-09-11,207,2021-09-13,401,0.4837905236907731
40,2021-09-11,207,2021-09-13,207,0.0
41,2021-09-11,142,2021-09-13,142,0.0
42,2021-09-11,186,2021-09-13,186,0.0
44,2021-09-11,20,2021-09-13,20,0.0
45,2021-09-11,368,2021-09-13,368,0.0
46,2021-09-11,11,2021-09-13,11,0.0
47,2021-09-11,260,2021-09-13,290,0.10344827586206896
48,2021-09-11,1789,2021-09-13,1789,0.0
49,2021-09-11,66,2021-09-13,66,0.0
50,2021-09-11,6,2021-09-13,6,0.0
51,2021-09-11,137,2021-09-13,137,0.0
53,2021-09-11,227,2021-09-13,227,0.0
54,2021-09-11,83,2021-09-13,83,0.0
55,2021-09-11,92,2021-09-13,92,0.0
56,2021-09-11,21,2021-09-13,21,0.0
60,2021-09-11,0,2021-09-13,0,0.0
66,2021-09-11,8,2021-09-13,8,0.0
69,2021-09-11,0,2021-09-13,0,0.0
72,2021-09-11,88,2021-09-13,88,0.0
78,2021-09-11,5,2021-09-13,5,0.0
01,2021-09-18,536,2021-09-20,536,0.0
02,2021-09-18,11,2021-09-20,11,0.0
04,2021-09-18,304,2021-09-20,304,0.0
05,2021-09-18,202,2021-09-20,202,0.0
06,2021-09-18,822,2021-09-20,869,0.05408515535097814
08,2021-09-18,100,2021-09-20,100,0.0
09,2021-09-18,39,2021-09-20,39,0.0
10,2021-09-18,20,2021-09-20,20,0.0
11,2021-09-18,2,2021-09-20,2,0.0
12,2021-09-18,2468,2021-09-20,2468,0.0
13,2021-09-18,836,2021-09-20,836,0.0
15,2021-09-18,49,2021-09-20,49,0.0
16,2021-09-18,164,2021-09-20,164,0.0
17,2021-09-18,285,2021-09-20,285,0.0
18,2021-09-18,300,2021-09-20,300,0.0
19,2021-09-18,64,2021-09-20,64,0.0
20,2021-09-18,98,2021-09-20,98,0.0
21,2021-09-18,248,2021-09-20,278,0.1079136690647482
22,2021-09-18,362,2021-09-20,362,0.0
23,2021-09-18,21,2021-09-20,21,0.0
24,2021-09-18,104,2021-09-20,104,0.0
25,2021-09-18,96,2021-09-20,93,-0.03225806451612903
26,2021-09-18,176,2021-09-20,176,0.0
27,2021-09-18,91,2021-09-20,91,0.0
28,2021-09-18,309,2021-09-20,309,0.0
29,2021-09-18,191,2021-09-20,191,0.0
30,2021-09-18,43,2021-09-20,43,0.0
31,2021-09-18,15,2021-09-20,15,0.0
32,2021-09-18,143,2021-09-20,143,0.0
33,2021-09-18,16,2021-09-20,16,0.0
34,2021-09-18,128,2021-09-20,128,0.0
35,2021-09-18,70,2021-09-20,70,0.0
36,2021-09-18,229,2021-09-20,229,0.0
37,2021-09-18,540,2021-09-20,540,0.0
38,2021-09-18,13,2021-09-20,13,0.0
39,2021-09-18,317,2021-09-20,520,0.3903846153846154
40,2021-09-18,232,2021-09-20,232,0.0
41,2021-09-18,155,2021-09-20,155,0.0
42,2021-09-18,278,2021-09-20,278,0.0
44,2021-09-18,19,2021-09-20,19,0.0
45,2021-09-18,465,2021-09-20,465,0.0
46,2021-09-18,16,2021-09-20,16,0.0
47,2021-09-18,450,2021-09-20,436,-0.03211009174311927
48,2021-09-18,1800,2021-09-20,1800,0.0
49,2021-09-18,63,2021-09-20,63,0.0
50,2021-09-18,11,2021-09-20,11,0.0
51,2021-09-18,206,2021-09-20,206,0.0
53,2021-09-18,283,2021-09-20,283,0.0
54,2021-09-18,163,2021-09-20,163,0.0
55,2021-09-18,90,2021-09-20,90,0.0
56,2021-09-18,39,2021-09-20,39,0.0
60,2021-09-18,0,2021-09-20,0,0.0
66,2021-09-18,20,2021-09-20,20,0.0
69,2021-09-18,0,2021-09-20,0,0.0
72,2021-09-18,77,2021-09-20,77,0.0
78,2021-09-18,2,2021-09-20,2,0.0
01,2021-09-25,813,2021-09-27,813,0.0
02,2021-09-25,63,2021-09-27,63,0.0
04,2021-09-25,319,2021-09-27,319,0.0
05,2021-09-25,141,2021-09-27,141,0.0
06,2021-09-25,705,2021-09-27,561,-0.25668449197860965
08,2021-09-25,98,2021-09-27,98,0.0
09,2021-09-25,38,2021-09-27,38,0.0
10,2021-09-25,22,2021-09-27,22,0.0
11,2021-09-25,5,2021-09-27,5,0.0
12,2021-09-25,2340,2021-09-27,2340,0.0
13,2021-09-25,901,2021-09-27,901,0.0
15,2021-09-25,45,2021-09-27,45,0.0
16,2021-09-25,117,2021-09-27,117,0.0
17,2021-09-25,237,2021-09-27,237,0.0
18,2021-09-25,294,2021-09-27,294,0.0
19,2021-09-25,82,2021-09-27,82,0.0
20,2021-09-25,117,2021-09-27,117,0.0
21,2021-09-25,241,2021-09-27,230,-0.04782608695652174
22,2021-09-25,323,2021-09-27,323,0.0
23,2021-09-25,31,2021-09-27,31,0.0
24,2021-09-25,106,2021-09-27,106,0.0
25,2021-09-25,96,2021-09-27,100,0.04
26,2021-09-25,217,2021-09-27,217,0.0
27,2021-09-25,93,2021-09-27,93,0.0
28,2021-09-25,211,2021-09-27,211,0.0
29,2021-09-25,269,2021-09-27,269,0.0
30,2021-09-25,68,2021-09-27,68,0.0
31,2021-09-25,34,2021-09-27,34,0.0
32,2021-09-25,170,2021-09-27,170,0.0
33,2021-09-25,15,2021-09-27,15,0.0
34,2021-09-25,141,2021-09-27,141,0.0
35,2021-09-25,74,2021-09-27,74,0.0
36,2021-09-25,266,2021-09-27,266,0.0
37,2021-09-25,493,2021-09-27,493,0.0
38,2021-09-25,20,2021-09-27,20,0.0
39,2021-09-25,349,2021-09-27,609,0.4269293924466338
40,2021-09-25,275,2021-09-27,275,0.0
41,2021-09-25,113,2021-09-27,113,0.0
42,2021-09-25,277,2021-09-27,277,0.0
44,2021-09-25,11,2021-09-27,11,0.0
45,2021-09-25,466,2021-09-27,466,0.0
46,2021-09-25,25,2021-09-27,25,0.0
47,2021-09-25,485,2021-09-27,521,0.0690978886756238
48,2021-09-25,2073,2021-09-27,2073,0.0
49,2021-09-25,82,2021-09-27,82,0.0
50,2021-09-25,8,2021-09-27,8,0.0
51,2021-09-25,269,2021-09-27,269,0.0
53,2021-09-25,293,2021-09-27,293,0.0
54,2021-09-25,153,2021-09-27,153,0.0
55,2021-09-25,91,2021-09-27,91,0.0
56,2021-09-25,37,2021-09-27,37,0.0
60,2021-09-25,0,2021-09-27,0,0.0
66,2021-09-25,5,2021-09-27,5,0.0
69,2021-09-25,0,2021-09-27,0,0.0
72,2021-09-25,55,2021-09-27,55,0.0
78,2021-09-25,2,2021-09-27,2,0.0
01,2021-10-02,447,2021-10-04,447,0.0
02,2021-10-02,46,2021-10-04,46,0.0
04,2021-10-02,328,2021-10-04,328,0.0
05,2021-10-02,149,2021-10-04,149,0.0
06,2021-10-02,648,2021-10-04,653,0.007656967840735069
08,2021-10-02,122,2021-10-04,122,0.0
09,2021-10-02,149,2021-10-04,149,0.0
10,2021-10-02,30,2021-10-04,30,0.0
11,2021-10-02,4,2021-10-04,4,0.0
12,2021-10-02,1719,2021-10-04,1719,0.0
13,2021-10-02,764,2021-10-04,764,0.0
15,2021-10-02,54,2021-10-04,54,0.0
16,2021-10-02,211,2021-10-04,211,0.0
17,2021-10-02,234,2021-10-04,234,0.0
18,2021-10-02,309,2021-10-04,309,0.0
19,2021-10-02,80,2021-10-04,80,0.0
20,2021-10-02,87,2021-10-04,87,0.0
21,2021-10-02,312,2021-10-04,329,0.05167173252279635
22,2021-10-02,247,2021-10-04,247,0.0
23,2021-10-02,13,2021-10-04,13,0.0
24,2021-10-02,105,2021-10-04,105,0.0
25,2021-10-02,106,2021-10-04,96,-0.10416666666666667
26,2021-10-02,225,2021-10-04,225,0.0
27,2021-10-02,104,2021-10-04,104,0.0
28,2021-10-02,221,2021-10-04,221,0.0
29,2021-10-02,190,2021-10-04,190,0.0
30,2021-10-02,72,2021-10-04,72,0.0
31,2021-10-02,22,2021-10-04,435,0.9494252873563218
32,2021-10-02,151,2021-10-04,151,0.0
33,2021-10-02,9,2021-10-04,9,0.0
34,2021-10-02,142,2021-10-04,142,0.0
35,2021-10-02,63,2021-10-04,63,0.0
36,2021-10-02,303,2021-10-04,303,0.0
37,2021-10-02,497,2021-10-04,497,0.0
38,2021-10-02,17,2021-10-04,17,0.0
39,2021-10-02,453,2021-10-04,605,0.2512396694214876
40,2021-10-02,234,2021-10-04,234,0.0
41,2021-10-02,133,2021-10-04,133,0.0
42,2021-10-02,367,2021-10-04,367,0.0
44,2021-10-02,15,2021-10-04,15,0.0
45,2021-10-02,490,2021-10-04,490,0.0
46,2021-10-02,19,2021-10-04,19,0.0
47,2021-10-02,381,2021-10-04,352,-0.08238636363636363
48,2021-10-02,1851,2021-10-04,1851,0.0
49,2021-10-02,74,2021-10-04,74,0.0
50,2021-10-02,15,2021-10-04,15,0.0
51,2021-10-02,295,2021-10-04,295,0.0
53,2021-10-02,271,2021-10-04,271,0.0
54,2021-10-02,199,2021-10-04,199,0.0
55,2021-10-02,107,2021-10-04,107,0.0
56,2021-10-02,41,2021-10-04,41,0.0
60,2021-10-02,0,2021-10-04,0,0.0
66,2021-10-02,14,2021-10-04,14,0.0
69,2021-10-02,0,2021-10-04,0,0.0
72,2021-10-02,36,2021-10-04,36,0.0
78,2021-10-02,2,2021-10-04,2,0.0
01,2021-10-09,388,2021-10-11,388,0.0
02,2021-10-09,14,2021-10-11,14,0.0
04,2021-10-09,216,2021-10-11,216,0.0
05,2021-10-09,107,2021-10-11,107,0.0
06,2021-10-09,748,2021-10-11,741,-0.009446693657219974
08,2021-10-09,139,2021-10-11,139,0.0
09,2021-10-09,17,2021-10-11,17,0.0
10,2021-10-09,25,2021-10-11,25,0.0
11,2021-10-09,6,2021-10-11,6,0.0
12,2021-10-09,1368,2021-10-11,1368,0.0
13,2021-10-09,900,2021-10-11,900,0.0
15,2021-10-09,36,2021-10-11,36,0.0
16,2021-10-09,158,2021-10-11,158,0.0
17,2021-10-09,207,2021-10-11,207,0.0
18,2021-10-09,296,2021-10-11,296,0.0
19,2021-10-09,91,2021-10-11,91,0.0
20,2021-10-09,412,2021-10-11,58,-6.103448275862069
21,2021-10-09,249,2021-10-11,248,-0.004032258064516129
22,2021-10-09,185,2021-10-11,185,0.0
23,2021-10-09,49,2021-10-11,49,0.0
24,2021-10-09,109,2021-10-11,109,0.0
25,2021-10-09,99,2021-10-11,93,-0.06451612903225806
26,2021-10-09,263,2021-10-11,263,0.0
27,2021-10-09,135,2021-10-11,135,0.0
28,2021-10-09,165,2021-10-11,165,0.0
29,2021-10-09,174,2021-10-11,174,0.0
30,2021-10-09,62,2021-10-11,62,0.0
31,2021-10-09,0,2021-10-11,15,1.0
32,2021-10-09,118,2021-10-11,118,0.0
33,2021-10-09,16,2021-10-11,16,0.0
34,2021-10-09,125,2021-10-11,125,0.0
35,2021-10-09,57,2021-10-11,57,0.0
36,2021-10-09,239,2021-10-11,239,0.0
37,2021-10-09,499,2021-10-11,499,0.0
38,2021-10-09,21,2021-10-11,21,0.0
39,2021-10-09,329,2021-10-11,587,0.4395229982964225
40,2021-10-09,264,2021-10-11,264,0.0
41,2021-10-09,167,2021-10-11,167,0.0
42,2021-10-09,421,2021-10-11,421,0.0
44,2021-10-09,16,2021-10-11,16,0.0
45,2021-10-09,359,2021-10-11,359,0.0
46,2021-10-09,26,2021-10-11,26,0.0
47,2021-10-09,351,2021-10-11,291,-0.20618556701030927
48,2021-10-09,1201,2021-10-11,1201,0.0
49,2021-10-09,51,2021-10-11,51,0.0
50,2021-10-09,14,2021-10-11,14,0.0
51,2021-10-09,269,2021-10-11,269,0.0
53,2021-10-09,257,2021-10-11,257,0.0
54,2021-10-09,213,2021-10-11,213,0.0
55,2021-10-09,105,2021-10-11,105,0.0
56,2021-10-09,45,2021-10-11,45,0.0
60,2021-10-09,0,2021-10-11,0,0.0
66,2021-10-09,14,2021-10-11,14,0.0
69,2021-10-09,0,2021-10-11,1,1.0
72,2021-10-09,26,2021-10-11,26,0.0
78,2021-10-09,2,2021-10-11,2,0.0
01,2021-10-16,322,2021-10-18,322,0.0
02,2021-10-16,25,2021-10-18,25,0.0
04,2021-10-16,150,2021-10-18,150,0.0
05,2021-10-16,364,2021-10-18,364,0.0
06,2021-10-16,614,2021-10-18,610,-0.006557377049180328
08,2021-10-16,131,2021-10-18,131,0.0
09,2021-10-16,51,2021-10-18,51,0.0
10,2021-10-16,35,2021-10-18,35,0.0
11,2021-10-16,1,2021-10-18,1,0.0
12,2021-10-16,1192,2021-10-18,1192,0.0
13,2021-10-16,632,2021-10-18,632,0.0
15,2021-10-16,29,2021-10-18,29,0.0
16,2021-10-16,134,2021-10-18,134,0.0
17,2021-10-16,183,2021-10-18,183,0.0
18,2021-10-16,263,2021-10-18,263,0.0
19,2021-10-16,94,2021-10-18,94,0.0
20,2021-10-16,39,2021-10-18,39,0.0
21,2021-10-16,240,2021-10-18,237,-0.012658227848101266
22,2021-10-16,148,2021-10-18,148,0.0
23,2021-10-16,20,2021-10-18,20,0.0
24,2021-10-16,120,2021-10-18,120,0.0
25,2021-10-16,82,2021-10-18,81,-0.012345679012345678
26,2021-10-16,267,2021-10-18,267,0.0
27,2021-10-16,123,2021-10-18,123,0.0
28,2021-10-16,106,2021-10-18,106,0.0
29,2021-10-16,152,2021-10-18,152,0.0
30,2021-10-16,49,2021-10-18,49,0.0
31,2021-10-16,18,2021-10-18,43,0.5813953488372093
32,2021-10-16,137,2021-10-18,137,0.0
33,2021-10-16,23,2021-10-18,23,0.0
34,2021-10-16,130,2021-10-18,130,0.0
35,2021-10-16,61,2021-10-18,61,0.0
36,2021-10-16,262,2021-10-18,262,0.0
37,2021-10-16,352,2021-10-18,352,0.0
38,2021-10-16,38,2021-10-18,38,0.0
39,2021-10-16,508,2021-10-18,595,0.146218487394958
40,2021-10-16,189,2021-10-18,189,0.0
41,2021-10-16,179,2021-10-18,179,0.0
42,2021-10-16,511,2021-10-18,511,0.0
44,2021-10-16,6,2021-10-18,6,0.0
45,2021-10-16,303,2021-10-18,303,0.0
46,2021-10-16,18,2021-10-18,18,0.0
47,2021-10-16,272,2021-10-18,306,0.1111111111111111
48,2021-10-16,1949,2021-10-18,1949,0.0
49,2021-10-16,73,2021-10-18,73,0.0
50,2021-10-16,10,2021-10-18,10,0.0
51,2021-10-16,316,2021-10-18,316,0.0
53,2021-10-16,212,2021-10-18,212,0.0
54,2021-10-16,173,2021-10-18,173,0.0
55,2021-10-16,156,2021-10-18,156,0.0
56,2021-10-16,39,2021-10-18,39,0.0
60,2021-10-16,0,2021-10-18,0,0.0
66,2021-10-16,10,2021-10-18,10,0.0
69,2021-10-16,1,2021-10-18,0,-1.0
72,2021-10-16,18,2021-10-18,18,0.0
78,2021-10-16,5,2021-10-18,5,0.0
01,2021-10-23,227,2021-10-25,227,0.0
02,2021-10-23,81,2021-10-25,81,0.0
04,2021-10-23,351,2021-10-25,351,0.0
05,2021-10-23,72,2021-10-25,72,0.0
06,2021-10-23,1125,2021-10-25,1128,0.0026595744680851063
08,2021-10-23,165,2021-10-25,165,0.0
09,2021-10-23,21,2021-10-25,21,0.0
10,2021-10-23,32,2021-10-25,32,0.0
11,2021-10-23,3,2021-10-25,3,0.0
12,2021-10-23,944,2021-10-25,944,0.0
13,2021-10-23,745,2021-10-25,745,0.0
15,2021-10-23,19,2021-10-25,19,0.0
16,2021-10-23,157,2021-10-25,157,0.0
17,2021-10-23,183,2021-10-25,183,0.0
18,2021-10-23,225,2021-10-25,225,0.0
19,2021-10-23,100,2021-10-25,100,0.0
20,2021-10-23,46,2021-10-25,46,0.0
21,2021-10-23,266,2021-10-25,246,-0.08130081300813008
22,2021-10-23,141,2021-10-25,141,0.0
23,2021-10-23,27,2021-10-25,27,0.0
24,2021-10-23,93,2021-10-25,93,0.0
25,2021-10-23,83,2021-10-25,75,-0.10666666666666667
26,2021-10-23,340,2021-10-25,340,0.0
27,2021-10-23,130,2021-10-25,130,0.0
28,2021-10-23,73,2021-10-25,73,0.0
29,2021-10-23,120,2021-10-25,120,0.0
30,2021-10-23,119,2021-10-25,119,0.0
31,2021-10-23,16,2021-10-25,40,0.6
32,2021-10-23,101,2021-10-25,101,0.0
33,2021-10-23,23,2021-10-25,23,0.0
34,2021-10-23,128,2021-10-25,128,0.0
35,2021-10-23,57,2021-10-25,57,0.0
36,2021-10-23,264,2021-10-25,264,0.0
37,2021-10-23,309,2021-10-25,309,0.0
38,2021-10-23,39,2021-10-25,39,0.0
39,2021-10-23,628,2021-10-25,557,-0.12746858168761221
40,2021-10-23,1138,2021-10-25,1138,0.0
41,2021-10-23,123,2021-10-25,123,0.0
42,2021-10-23,544,2021-10-25,544,0.0
44,2021-10-23,12,2021-10-25,12,0.0
45,2021-10-23,240,2021-10-25,240,0.0
46,2021-10-23,29,2021-10-25,29,0.0
47,2021-10-23,329,2021-10-25,294,-0.11904761904761904
48,2021-10-23,1267,2021-10-25,1267,0.0
49,2021-10-23,61,2021-10-25,61,0.0
50,2021-10-23,6,2021-10-25,6,0.0
51,2021-10-23,277,2021-10-25,277,0.0
53,2021-10-23,217,2021-10-25,217,0.0
54,2021-10-23,155,2021-10-25,155,0.0
55,2021-10-23,97,2021-10-25,97,0.0
56,2021-10-23,69,2021-10-25,69,0.0
60,2021-10-23,0,2021-10-25,0,0.0
66,2021-10-23,5,2021-10-25,5,0.0
69,2021-10-23,0,2021-10-25,0,0.0
72,2021-10-23,13,2021-10-25,13,0.0
78,2021-10-23,0,2021-10-25,0,0.0
01,2021-10-30,167,2021-11-01,167,0.0
02,2021-10-30,27,2021-11-01,27,0.0
04,2021-10-30,302,2021-11-01,302,0.0
05,2021-10-30,103,2021-11-01,103,0.0
06,2021-10-30,600,2021-11-01,600,0.0
08,2021-10-30,157,2021-11-01,157,0.0
09,2021-10-30,25,2021-11-01,25,0.0
10,2021-10-30,27,2021-11-01,27,0.0
11,2021-10-30,4,2021-11-01,4,0.0
12,2021-10-30,867,2021-11-01,867,0.0
13,2021-10-30,546,2021-11-01,546,0.0
15,2021-10-30,21,2021-11-01,21,0.0
16,2021-10-30,125,2021-11-01,125,0.0
17,2021-10-30,181,2021-11-01,181,0.0
18,2021-10-30,213,2021-11-01,213,0.0
19,2021-10-30,117,2021-11-01,117,0.0
20,2021-10-30,202,2021-11-01,202,0.0
21,2021-10-30,207,2021-11-01,187,-0.10695187165775401
22,2021-10-30,85,2021-11-01,85,0.0
23,2021-10-30,45,2021-11-01,45,0.0
24,2021-10-30,86,2021-11-01,86,0.0
25,2021-10-30,85,2021-11-01,75,-0.13333333333333333
26,2021-10-30,353,2021-11-01,353,0.0
27,2021-10-30,132,2021-11-01,132,0.0
28,2021-10-30,85,2021-11-01,85,0.0
29,2021-10-30,97,2021-11-01,97,0.0
30,2021-10-30,99,2021-11-01,99,0.0
31,2021-10-30,514,2021-11-01,37,-12.891891891891891
32,2021-10-30,108,2021-11-01,108,0.0
33,2021-10-30,1,2021-11-01,1,0.0
34,2021-10-30,124,2021-11-01,124,0.0
35,2021-10-30,62,2021-11-01,62,0.0
36,2021-10-30,214,2021-11-01,214,0.0
37,2021-10-30,285,2021-11-01,285,0.0
38,2021-10-30,45,2021-11-01,45,0.0
39,2021-10-30,572,2021-11-01,500,-0.144
40,2021-10-30,170,2021-11-01,170,0.0
41,2021-10-30,88,2021-11-01,88,0.0
42,2021-10-30,451,2021-11-01,451,0.0
44,2021-10-30,6,2021-11-01,6,0.0
45,2021-10-30,244,2021-11-01,244,0.0
46,2021-10-30,17,2021-11-01,17,0.0
47,2021-10-30,192,2021-11-01,202,0.04950495049504951
48,2021-10-30,937,2021-11-01,937,0.0
49,2021-10-30,80,2021-11-01,80,0.0
50,2021-10-30,13,2021-11-01,13,0.0
51,2021-10-30,239,2021-11-01,239,0.0
53,2021-10-30,177,2021-11-01,177,0.0
54,2021-10-30,163,2021-11-01,163,0.0
55,2021-10-30,157,2021-11-01,157,0.0
56,2021-10-30,25,2021-11-01,25,0.0
60,2021-10-30,0,2021-11-01,0,0.0
66,2021-10-30,11,2021-11-01,11,0.0
69,2021-10-30,0,2021-11-01,0,0.0
72,2021-10-30,12,2021-11-01,12,0.0
78,2021-10-30,3,2021-11-01,3,0.0
01,2021-11-06,261,2021-11-08,261,0.0
02,2021-11-06,16,2021-11-08,16,0.0
04,2021-11-06,255,2021-11-08,255,0.0
05,2021-11-06,113,2021-11-08,113,0.0
06,2021-11-06,570,2021-11-08,570,0.0
08,2021-11-06,221,2021-11-08,221,0.0
09,2021-11-06,26,2021-11-08,26,0.0
10,2021-11-06,28,2021-11-08,28,0.0
11,2021-11-06,3,2021-11-08,3,0.0
12,2021-11-06,664,2021-11-08,664,0.0
13,2021-11-06,418,2021-11-08,418,0.0
15,2021-11-06,44,2021-11-08,44,0.0
16,2021-11-06,108,2021-11-08,108,0.0
17,2021-11-06,177,2021-11-08,177,0.0
18,2021-11-06,215,2021-11-08,215,0.0
19,2021-11-06,104,2021-11-08,104,0.0
20,2021-11-06,81,2021-11-08,81,0.0
21,2021-11-06,173,2021-11-08,198,0.12626262626262627
22,2021-11-06,68,2021-11-08,68,0.0
23,2021-11-06,40,2021-11-08,40,0.0
24,2021-11-06,83,2021-11-08,83,0.0
25,2021-11-06,91,2021-11-08,84,-0.08333333333333333
26,2021-11-06,313,2021-11-08,313,0.0
27,2021-11-06,159,2021-11-08,159,0.0
28,2021-11-06,73,2021-11-08,73,0.0
29,2021-11-06,154,2021-11-08,154,0.0
30,2021-11-06,69,2021-11-08,69,0.0
31,2021-11-06,26,2021-11-08,26,0.0
32,2021-11-06,82,2021-11-08,82,0.0
33,2021-11-06,53,2021-11-08,53,0.0
34,2021-11-06,108,2021-11-08,108,0.0
35,2021-11-06,64,2021-11-08,64,0.0
36,2021-11-06,247,2021-11-08,279,0.11469534050179211
37,2021-11-06,201,2021-11-08,201,0.0
38,2021-11-06,29,2021-11-08,29,0.0
39,2021-11-06,304,2021-11-08,405,0.24938271604938272
40,2021-11-06,169,2021-11-08,169,0.0
41,2021-11-06,190,2021-11-08,190,0.0
42,2021-11-06,484,2021-11-08,484,0.0
44,2021-11-06,3,2021-11-08,3,0.0
45,2021-11-06,125,2021-11-08,125,0.0
46,2021-11-06,32,2021-11-08,32,0.0
47,2021-11-06,158,2021-11-08,171,0.07602339181286549
48,2021-11-06,775,2021-11-08,775,0.0
49,2021-11-06,78,2021-11-08,78,0.0
50,2021-11-06,20,2021-11-08,20,0.0
51,2021-11-06,218,2021-11-08,218,0.0
53,2021-11-06,170,2021-11-08,170,0.0
54,2021-11-06,92,2021-11-08,92,0.0
55,2021-11-06,126,2021-11-08,126,0.0
56,2021-11-06,69,2021-11-08,69,0.0
60,2021-11-06,0,2021-11-08,0,0.0
66,2021-11-06,10,2021-11-08,10,0.0
69,2021-11-06,0,2021-11-08,0,0.0
72,2021-11-06,12,2021-11-08,12,0.0
78,2021-11-06,2,2021-11-08,2,0.0
01,2021-11-13,147,2021-11-15,147,0.0
02,2021-11-13,90,2021-11-15,90,0.0
04,2021-11-13,243,2021-11-15,243,0.0
05,2021-11-13,79,2021-11-15,79,0.0
06,2021-11-13,594,2021-11-15,595,0.0016806722689075631
08,2021-11-13,213,2021-11-15,213,0.0
09,2021-11-13,19,2021-11-15,19,0.0
10,2021-11-13,22,2021-11-15,22,0.0
11,2021-11-13,1,2021-11-15,1,0.0
12,2021-11-13,364,2021-11-15,364,0.0
13,2021-11-13,378,2021-11-15,378,0.0
15,2021-11-13,26,2021-11-15,26,0.0
16,2021-11-13,99,2021-11-15,99,0.0
17,2021-11-13,129,2021-11-15,129,0.0
18,2021-11-13,190,2021-11-15,190,0.0
19,2021-11-13,97,2021-11-15,97,0.0
20,2021-11-13,123,2021-11-15,123,0.0
21,2021-11-13,275,2021-11-15,285,0.03508771929824561
22,2021-11-13,70,2021-11-15,70,0.0
23,2021-11-13,23,2021-11-15,23,0.0
24,2021-11-13,85,2021-11-15,85,0.0
25,2021-11-13,72,2021-11-15,71,-0.014084507042253521
26,2021-11-13,333,2021-11-15,333,0.0
27,2021-11-13,168,2021-11-15,168,0.0
28,2021-11-13,39,2021-11-15,39,0.0
29,2021-11-13,136,2021-11-15,136,0.0
30,2021-11-13,64,2021-11-15,64,0.0
31,2021-11-13,47,2021-11-15,47,0.0
32,2021-11-13,95,2021-11-15,95,0.0
33,2021-11-13,25,2021-11-15,25,0.0
34,2021-11-13,89,2021-11-15,89,0.0
35,2021-11-13,56,2021-11-15,56,0.0
36,2021-11-13,230,2021-11-15,230,0.0
37,2021-11-13,160,2021-11-15,160,0.0
38,2021-11-13,24,2021-11-15,24,0.0
39,2021-11-13,21,2021-11-15,388,0.9458762886597938
40,2021-11-13,754,2021-11-15,754,0.0
41,2021-11-13,188,2021-11-15,188,0.0
42,2021-11-13,458,2021-11-15,458,0.0
44,2021-11-13,9,2021-11-15,9,0.0
45,2021-11-13,142,2021-11-15,142,0.0
46,2021-11-13,14,2021-11-15,14,0.0
47,2021-11-13,160,2021-11-15,133,-0.20300751879699247
48,2021-11-13,846,2021-11-15,846,0.0
49,2021-11-13,61,2021-11-15,61,0.0
50,2021-11-13,9,2021-11-15,9,0.0
51,2021-11-13,196,2021-11-15,196,0.0
53,2021-11-13,136,2021-11-15,136,0.0
54,2021-11-13,92,2021-11-15,92,0.0
55,2021-11-13,137,2021-11-15,137,0.0
56,2021-11-13,55,2021-11-15,55,0.0
60,2021-11-13,0,2021-11-15,0,0.0
66,2021-11-13,10,2021-11-15,10,0.0
69,2021-11-13,0,2021-11-15,0,0.0
72,2021-11-13,13,2021-11-15,13,0.0
78,2021-11-13,1,2021-11-15,1,0.0
01,2021-11-20,92,2021-11-22,92,0.0
02,2021-11-20,31,2021-11-22,31,0.0
04,2021-11-20,288,2021-11-22,288,0.0
05,2021-11-20,50,2021-11-22,50,0.0
06,2021-11-20,615,2021-11-22,616,0.0016233766233766235
08,2021-11-20,258,2021-11-22,258,0.0
09,2021-11-20,41,2021-11-22,41,0.0
10,2021-11-20,18,2021-11-22,18,0.0
11,2021-11-20,2,2021-11-22,2,0.0
12,2021-11-20,383,2021-11-22,383,0.0
13,2021-11-20,301,2021-11-22,301,0.0
15,2021-11-20,26,2021-11-22,26,0.0
16,2021-11-20,101,2021-11-22,101,0.0
17,2021-11-20,150,2021-11-22,150,0.0
18,2021-11-20,159,2021-11-22,159,0.0
19,2021-11-20,102,2021-11-22,102,0.0
20,2021-11-20,15,2021-11-22,15,0.0
21,2021-11-20,392,2021-11-22,389,-0.007712082262210797
22,2021-11-20,64,2021-11-22,64,0.0
23,2021-11-20,41,2021-11-22,41,0.0
24,2021-11-20,61,2021-11-22,61,0.0
25,2021-11-20,109,2021-11-22,98,-0.11224489795918367
26,2021-11-20,533,2021-11-22,533,0.0
27,2021-11-20,159,2021-11-22,159,0.0
28,2021-11-20,42,2021-11-22,42,0.0
29,2021-11-20,162,2021-11-22,162,0.0
30,2021-11-20,68,2021-11-22,68,0.0
31,2021-11-20,60,2021-11-22,60,0.0
32,2021-11-20,110,2021-11-22,110,0.0
33,2021-11-20,40,2021-11-22,40,0.0
34,2021-11-20,81,2021-11-22,81,0.0
35,2021-11-20,94,2021-11-22,94,0.0
36,2021-11-20,236,2021-11-22,236,0.0
37,2021-11-20,186,2021-11-22,186,0.0
38,2021-11-20,38,2021-11-22,38,0.0
39,2021-11-20,250,2021-11-22,456,0.4517543859649123
40,2021-11-20,139,2021-11-22,139,0.0
41,2021-11-20,164,2021-11-22,164,0.0
42,2021-11-20,556,2021-11-22,556,0.0
44,2021-11-20,16,2021-11-22,16,0.0
45,2021-11-20,113,2021-11-22,113,0.0
46,2021-11-20,24,2021-11-22,24,0.0
47,2021-11-20,160,2021-11-22,168,0.047619047619047616
48,2021-11-20,591,2021-11-22,591,0.0
49,2021-11-20,81,2021-11-22,81,0.0
50,2021-11-20,11,2021-11-22,11,0.0
51,2021-11-20,171,2021-11-22,171,0.0
53,2021-11-20,176,2021-11-22,176,0.0
54,2021-11-20,116,2021-11-22,116,0.0
55,2021-11-20,137,2021-11-22,137,0.0
56,2021-11-20,49,2021-11-22,49,0.0
60,2021-11-20,0,2021-11-22,0,0.0
66,2021-11-20,4,2021-11-22,4,0.0
69,2021-11-20,0,2021-11-22,0,0.0
72,2021-11-20,4,2021-11-22,4,0.0
78,2021-11-20,1,2021-11-22,1,0.0
01,2021-11-27,42,2021-11-29,42,0.0
02,2021-11-27,15,2021-11-29,15,0.0
04,2021-11-27,285,2021-11-29,285,0.0
05,2021-11-27,41,2021-11-29,41,0.0
06,2021-11-27,432,2021-11-29,432,0.0
08,2021-11-27,222,2021-11-29,222,0.0
09,2021-11-27,15,2021-11-29,15,0.0
10,2021-11-27,14,2021-11-29,14,0.0
11,2021-11-27,0,2021-11-29,0,0.0
12,2021-11-27,66,2021-11-29,66,0.0
13,2021-11-27,196,2021-11-29,196,0.0
15,2021-11-27,13,2021-11-29,13,0.0
16,2021-11-27,53,2021-11-29,53,0.0
17,2021-11-27,86,2021-11-29,86,0.0
18,2021-11-27,139,2021-11-29,139,0.0
19,2021-11-27,86,2021-11-29,86,0.0
20,2021-11-27,40,2021-11-29,40,0.0
21,2021-11-27,189,2021-11-29,229,0.17467248908296942
22,2021-11-27,28,2021-11-29,28,0.0
23,2021-11-27,32,2021-11-29,32,0.0
24,2021-11-27,67,2021-11-29,67,0.0
25,2021-11-27,83,2021-11-29,81,-0.024691358024691357
26,2021-11-27,403,2021-11-29,403,0.0
27,2021-11-27,183,2021-11-29,183,0.0
28,2021-11-27,33,2021-11-29,33,0.0
29,2021-11-27,22,2021-11-29,22,0.0
30,2021-11-27,84,2021-11-29,84,0.0
31,2021-11-27,24,2021-11-29,24,0.0
32,2021-11-27,54,2021-11-29,54,0.0
33,2021-11-27,21,2021-11-29,21,0.0
34,2021-11-27,85,2021-11-29,85,0.0
35,2021-11-27,47,2021-11-29,47,0.0
36,2021-11-27,243,2021-11-29,243,0.0
37,2021-11-27,79,2021-11-29,79,0.0
38,2021-11-27,25,2021-11-29,25,0.0
39,2021-11-27,420,2021-11-29,578,0.27335640138408307
40,2021-11-27,75,2021-11-29,75,0.0
41,2021-11-27,202,2021-11-29,202,0.0
42,2021-11-27,340,2021-11-29,340,0.0
44,2021-11-27,9,2021-11-29,9,0.0
45,2021-11-27,93,2021-11-29,93,0.0
46,2021-11-27,15,2021-11-29,15,0.0
47,2021-11-27,139,2021-11-29,136,-0.022058823529411766
48,2021-11-27,254,2021-11-29,254,0.0
49,2021-11-27,59,2021-11-29,59,0.0
50,2021-11-27,2,2021-11-29,2,0.0
51,2021-11-27,143,2021-11-29,143,0.0
53,2021-11-27,98,2021-11-29,98,0.0
54,2021-11-27,91,2021-11-29,91,0.0
55,2021-11-27,128,2021-11-29,128,0.0
56,2021-11-27,0,2021-11-29,0,0.0
60,2021-11-27,0,2021-11-29,0,0.0
66,2021-11-27,1,2021-11-29,1,0.0
69,2021-11-27,0,2021-11-29,0,0.0
72,2021-11-27,7,2021-11-29,7,0.0
78,2021-11-27,0,2021-11-29,0,0.0
01,2021-12-04,70,2021-12-06,70,0.0
02,2021-12-04,6,2021-12-06,6,0.0
04,2021-12-04,337,2021-12-06,337,0.0
05,2021-12-04,68,2021-12-06,68,0.0
06,2021-12-04,648,2021-12-06,648,0.0
08,2021-12-04,244,2021-12-06,244,0.0
09,2021-12-04,60,2021-12-06,60,0.0
10,2021-12-04,21,2021-12-06,21,0.0
11,2021-12-04,1,2021-12-06,1,0.0
12,2021-12-04,554,2021-12-06,554,0.0
13,2021-12-04,297,2021-12-06,297,0.0
15,2021-12-04,17,2021-12-06,17,0.0
16,2021-12-04,71,2021-12-06,71,0.0
17,2021-12-04,222,2021-12-06,222,0.0
18,2021-12-04,326,2021-12-06,326,0.0
19,2021-12-04,91,2021-12-06,91,0.0
20,2021-12-04,58,2021-12-06,104,0.4423076923076923
21,2021-12-04,296,2021-12-06,281,-0.05338078291814947
22,2021-12-04,49,2021-12-06,49,0.0
23,2021-12-04,33,2021-12-06,33,0.0
24,2021-12-04,77,2021-12-06,77,0.0
25,2021-12-04,138,2021-12-06,129,-0.06976744186046512
26,2021-12-04,864,2021-12-06,864,0.0
27,2021-12-04,278,2021-12-06,278,0.0
28,2021-12-04,34,2021-12-06,34,0.0
29,2021-12-04,2539,2021-12-06,2539,0.0
30,2021-12-04,108,2021-12-06,108,0.0
31,2021-12-04,48,2021-12-06,48,0.0
32,2021-12-04,98,2021-12-06,98,0.0
33,2021-12-04,56,2021-12-06,56,0.0
34,2021-12-04,117,2021-12-06,117,0.0
35,2021-12-04,97,2021-12-06,97,0.0
36,2021-12-04,324,2021-12-06,324,0.0
37,2021-12-04,149,2021-12-06,149,0.0
38,2021-12-04,39,2021-12-06,39,0.0
39,2021-12-04,264,2021-12-06,682,0.6129032258064516
40,2021-12-04,152,2021-12-06,152,0.0
41,2021-12-04,127,2021-12-06,127,0.0
42,2021-12-04,608,2021-12-06,608,0.0
44,2021-12-04,26,2021-12-06,26,0.0
45,2021-12-04,83,2021-12-06,83,0.0
46,2021-12-04,37,2021-12-06,37,0.0
47,2021-12-04,431,2021-12-06,457,0.05689277899343545
48,2021-12-04,564,2021-12-06,564,0.0
49,2021-12-04,77,2021-12-06,77,0.0
50,2021-12-04,10,2021-12-06,10,0.0
51,2021-12-04,118,2021-12-06,118,0.0
53,2021-12-04,205,2021-12-06,205,0.0
54,2021-12-04,145,2021-12-06,145,0.0
55,2021-12-04,190,2021-12-06,190,0.0
56,2021-12-04,81,2021-12-06,81,0.0
60,2021-12-04,0,2021-12-06,0,0.0
66,2021-12-04,3,2021-12-06,3,0.0
69,2021-12-04,0,2021-12-06,2,1.0
72,2021-12-04,4,2021-12-06,4,0.0
78,2021-12-04,2,2021-12-06,2,0.0
01,2021-12-11,80,2021-12-13,80,0.0
02,2021-12-11,3,2021-12-13,3,0.0
04,2021-12-11,460,2021-12-13,460,0.0
05,2021-12-11,119,2021-12-13,119,0.0
06,2021-12-11,470,2021-12-13,467,-0.006423982869379015
08,2021-12-11,283,2021-12-13,283,0.0
09,2021-12-11,47,2021-12-13,47,0.0
10,2021-12-11,24,2021-12-13,24,0.0
11,2021-12-11,2,2021-12-13,2,0.0
12,2021-12-11,325,2021-12-13,325,0.0
13,2021-12-11,168,2021-12-13,168,0.0
15,2021-12-11,21,2021-12-13,21,0.0
16,2021-12-11,59,2021-12-13,59,0.0
17,2021-12-11,266,2021-12-13,266,0.0
18,2021-12-11,302,2021-12-13,302,0.0
19,2021-12-11,105,2021-12-13,105,0.0
20,2021-12-11,100,2021-12-13,54,-0.8518518518518519
21,2021-12-11,451,2021-12-13,439,-0.02733485193621868
22,2021-12-11,51,2021-12-13,51,0.0
23,2021-12-11,31,2021-12-13,31,0.0
24,2021-12-11,0,2021-12-13,0,0.0
25,2021-12-11,145,2021-12-13,138,-0.050724637681159424
26,2021-12-11,806,2021-12-13,806,0.0
27,2021-12-11,256,2021-12-13,256,0.0
28,2021-12-11,30,2021-12-13,30,0.0
29,2021-12-11,145,2021-12-13,145,0.0
30,2021-12-11,82,2021-12-13,82,0.0
31,2021-12-11,83,2021-12-13,83,0.0
32,2021-12-11,119,2021-12-13,119,0.0
33,2021-12-11,42,2021-12-13,42,0.0
34,2021-12-11,116,2021-12-13,116,0.0
35,2021-12-11,65,2021-12-13,65,0.0
36,2021-12-11,397,2021-12-13,397,0.0
37,2021-12-11,151,2021-12-13,151,0.0
38,2021-12-11,36,2021-12-13,36,0.0
39,2021-12-11,360,2021-12-13,797,0.548306148055207
40,2021-12-11,71,2021-12-13,71,0.0
41,2021-12-11,138,2021-12-13,138,0.0
42,2021-12-11,712,2021-12-13,712,0.0
44,2021-12-11,16,2021-12-13,16,0.0
45,2021-12-11,103,2021-12-13,103,0.0
46,2021-12-11,41,2021-12-13,41,0.0
47,2021-12-11,331,2021-12-13,303,-0.0924092409240924
48,2021-12-11,409,2021-12-13,409,0.0
49,2021-12-11,76,2021-12-13,76,0.0
50,2021-12-11,13,2021-12-13,13,0.0
51,2021-12-11,142,2021-12-13,142,0.0
53,2021-12-11,141,2021-12-13,141,0.0
54,2021-12-11,123,2021-12-13,123,0.0
55,2021-12-11,252,2021-12-13,252,0.0
56,2021-12-11,44,2021-12-13,44,0.0
60,2021-12-11,0,2021-12-13,0,0.0
66,2021-12-11,1,2021-12-13,1,0.0
69,2021-12-11,2,2021-12-13,0,-2.0
72,2021-12-11,2,2021-12-13,2,0.0
78,2021-12-11,0,2021-12-13,0,0.0
01,2021-12-18,88,2021-12-20,88,0.0
02,2021-12-18,60,2021-12-20,60,0.0
04,2021-12-18,466,2021-12-20,495,0.05858585858585859
05,2021-12-18,102,2021-12-20,102,0.0
06,2021-12-18,448,2021-12-20,448,0.0
08,2021-12-18,237,2021-12-20,237,0.0
09,2021-12-18,30,2021-12-20,30,0.0
10,2021-12-18,24,2021-12-20,24,0.0
11,2021-12-18,7,2021-12-20,7,0.0
12,2021-12-18,194,2021-12-20,194,0.0
13,2021-12-18,171,2021-12-20,171,0.0
15,2021-12-18,17,2021-12-20,17,0.0
16,2021-12-18,39,2021-12-20,39,0.0
17,2021-12-18,316,2021-12-20,316,0.0
18,2021-12-18,371,2021-12-20,371,0.0
19,2021-12-18,130,2021-12-20,130,0.0
20,2021-12-18,79,2021-12-20,79,0.0
21,2021-12-18,212,2021-12-20,189,-0.12169312169312169
22,2021-12-18,47,2021-12-20,47,0.0
23,2021-12-18,74,2021-12-20,74,0.0
24,2021-12-18,0,2021-12-20,0,0.0
25,2021-12-18,195,2021-12-20,188,-0.03723404255319149
26,2021-12-18,825,2021-12-20,825,0.0
27,2021-12-18,239,2021-12-20,239,0.0
28,2021-12-18,28,2021-12-20,28,0.0
29,2021-12-18,162,2021-12-20,162,0.0
30,2021-12-18,56,2021-12-20,56,0.0
31,2021-12-18,35,2021-12-20,35,0.0
32,2021-12-18,89,2021-12-20,89,0.0
33,2021-12-18,55,2021-12-20,55,0.0
34,2021-12-18,140,2021-12-20,140,0.0
35,2021-12-18,105,2021-12-20,105,0.0
36,2021-12-18,418,2021-12-20,418,0.0
37,2021-12-18,145,2021-12-20,145,0.0
38,2021-12-18,34,2021-12-20,34,0.0
39,2021-12-18,657,2021-12-20,892,0.26345291479820626
40,2021-12-18,152,2021-12-20,152,0.0
41,2021-12-18,150,2021-12-20,150,0.0
42,2021-12-18,807,2021-12-20,807,0.0
44,2021-12-18,35,2021-12-20,35,0.0
45,2021-12-18,86,2021-12-20,86,0.0
46,2021-12-18,35,2021-12-20,35,0.0
47,2021-12-18,256,2021-12-20,279,0.08243727598566308
48,2021-12-18,478,2021-12-20,478,0.0
49,2021-12-18,64,2021-12-20,64,0.0
50,2021-12-18,23,2021-12-20,23,0.0
51,2021-12-18,188,2021-12-20,188,0.0
53,2021-12-18,120,2021-12-20,120,0.0
54,2021-12-18,79,2021-12-20,79,0.0
55,2021-12-18,281,2021-12-20,281,0.0
56,2021-12-18,30,2021-12-20,30,0.0
60,2021-12-18,0,2021-12-20,0,0.0
66,2021-12-18,3,2021-12-20,3,0.0
69,2021-12-18,1,2021-12-20,1,0.0
72,2021-12-18,10,2021-12-20,10,0.0
78,2021-12-18,1,2021-12-20,1,0.0
01,2021-12-25,65,2021-12-27,65,0.0
02,2021-12-25,30,2021-12-27,30,0.0
04,2021-12-25,467,2021-12-27,467,0.0
05,2021-12-25,116,2021-12-27,116,0.0
06,2021-12-25,408,2021-12-27,408,0.0
08,2021-12-25,210,2021-12-27,210,0.0
09,2021-12-25,75,2021-12-27,75,0.0
10,2021-12-25,29,2021-12-27,29,0.0
11,2021-12-25,1,2021-12-27,1,0.0
12,2021-12-25,127,2021-12-27,127,0.0
13,2021-12-25,215,2021-12-27,215,0.0
15,2021-12-25,12,2021-12-27,12,0.0
16,2021-12-25,31,2021-12-27,31,0.0
17,2021-12-25,318,2021-12-27,318,0.0
18,2021-12-25,311,2021-12-27,311,0.0
19,2021-12-25,119,2021-12-27,119,0.0
20,2021-12-25,41,2021-12-27,41,0.0
21,2021-12-25,132,2021-12-27,132,0.0
22,2021-12-25,29,2021-12-27,29,0.0
23,2021-12-25,34,2021-12-27,34,0.0
24,2021-12-25,0,2021-12-27,0,0.0
25,2021-12-25,221,2021-12-27,204,-0.08333333333333333
26,2021-12-25,606,2021-12-27,606,0.0
27,2021-12-25,205,2021-12-27,205,0.0
28,2021-12-25,39,2021-12-27,39,0.0
29,2021-12-25,144,2021-12-27,146,0.0136986301369863
30,2021-12-25,18,2021-12-27,18,0.0
31,2021-12-25,19,2021-12-27,19,0.0
32,2021-12-25,86,2021-12-27,86,0.0
33,2021-12-25,41,2021-12-27,41,0.0
34,2021-12-25,146,2021-12-27,146,0.0
35,2021-12-25,168,2021-12-27,168,0.0
36,2021-12-25,397,2021-12-27,397,0.0
37,2021-12-25,112,2021-12-27,112,0.0
38,2021-12-25,17,2021-12-27,17,0.0
39,2021-12-25,443,2021-12-27,855,0.4818713450292398
40,2021-12-25,126,2021-12-27,126,0.0
41,2021-12-25,67,2021-12-27,67,0.0
42,2021-12-25,672,2021-12-27,672,0.0
44,2021-12-25,26,2021-12-27,26,0.0
45,2021-12-25,89,2021-12-27,89,0.0
46,2021-12-25,23,2021-12-27,23,0.0
47,2021-12-25,2400,2021-12-27,2381,-0.007979840403191937
48,2021-12-25,266,2021-12-27,266,0.0
49,2021-12-25,50,2021-12-27,50,0.0
50,2021-12-25,8,2021-12-27,8,0.0
51,2021-12-25,211,2021-12-27,211,0.0
53,2021-12-25,110,2021-12-27,110,0.0
54,2021-12-25,87,2021-12-27,87,0.0
55,2021-12-25,350,2021-12-27,350,0.0
56,2021-12-25,24,2021-12-27,24,0.0
60,2021-12-25,0,2021-12-27,0,0.0
66,2021-12-25,0,2021-12-27,0,0.0
69,2021-12-25,2,2021-12-27,2,0.0
72,2021-12-25,7,2021-12-27,7,0.0
78,2021-12-25,0,2021-12-27,0,0.0
01,2022-01-01,37,2022-01-03,37,0.0
02,2022-01-01,2,2022-01-03,2,0.0
04,2022-01-01,371,2022-01-03,371,0.0
05,2022-01-01,122,2022-01-03,122,0.0
06,2022-01-01,394,2022-01-03,394,0.0
08,2022-01-01,197,2022-01-03,197,0.0
09,2022-01-01,83,2022-01-03,83,0.0
10,2022-01-01,15,2022-01-03,15,0.0
11,2022-01-01,4,2022-01-03,4,0.0
12,2022-01-01,157,2022-01-03,157,0.0
13,2022-01-01,234,2022-01-03,234,0.0
15,2022-01-01,12,2022-01-03,12,0.0
16,2022-01-01,63,2022-01-03,63,0.0
17,2022-01-01,386,2022-01-03,386,0.0
18,2022-01-01,341,2022-01-03,341,0.0
19,2022-01-01,59,2022-01-03,59,0.0
20,2022-01-01,52,2022-01-03,52,0.0
21,2022-01-01,200,2022-01-03,200,0.0
22,2022-01-01,33,2022-01-03,33,0.0
23,2022-01-01,56,2022-01-03,56,0.0
24,2022-01-01,503,2022-01-03,503,0.0
25,2022-01-01,223,2022-01-03,217,-0.027649769585253458
26,2022-01-01,675,2022-01-03,675,0.0
27,2022-01-01,216,2022-01-03,216,0.0
28,2022-01-01,57,2022-01-03,57,0.0
29,2022-01-01,211,2022-01-03,211,0.0
30,2022-01-01,11,2022-01-03,11,0.0
31,2022-01-01,21,2022-01-03,21,0.0
32,2022-01-01,56,2022-01-03,56,0.0
33,2022-01-01,84,2022-01-03,84,0.0
34,2022-01-01,199,2022-01-03,199,0.0
35,2022-01-01,110,2022-01-03,110,0.0
36,2022-01-01,648,2022-01-03,648,0.0
37,2022-01-01,193,2022-01-03,193,0.0
38,2022-01-01,17,2022-01-03,17,0.0
39,2022-01-01,727,2022-01-03,909,0.2002200220022002
40,2022-01-01,71,2022-01-03,71,0.0
41,2022-01-01,57,2022-01-03,57,0.0
42,2022-01-01,664,2022-01-03,664,0.0
44,2022-01-01,48,2022-01-03,48,0.0
45,2022-01-01,86,2022-01-03,86,0.0
46,2022-01-01,30,2022-01-03,30,0.0
47,2022-01-01,465,2022-01-03,416,-0.11778846153846154
48,2022-01-01,422,2022-01-03,422,0.0
49,2022-01-01,33,2022-01-03,33,0.0
50,2022-01-01,11,2022-01-03,11,0.0
51,2022-01-01,293,2022-01-03,293,0.0
53,2022-01-01,69,2022-01-03,69,0.0
54,2022-01-01,85,2022-01-03,85,0.0
55,2022-01-01,156,2022-01-03,156,0.0
56,2022-01-01,0,2022-01-03,0,0.0
60,2022-01-01,0,2022-01-03,0,0.0
66,2022-01-01,0,2022-01-03,0,0.0
69,2022-01-01,6,2022-01-03,6,0.0
72,2022-01-01,17,2022-01-03,17,0.0
78,2022-01-01,1,2022-01-03,1,0.0
01,2022-01-08,169,2022-01-10,169,0.0
02,2022-01-08,2,2022-01-10,2,0.0
04,2022-01-08,350,2022-01-10,350,0.0
05,2022-01-08,134,2022-01-10,134,0.0
06,2022-01-08,523,2022-01-10,523,0.0
08,2022-01-08,154,2022-01-10,154,0.0
09,2022-01-08,217,2022-01-10,217,0.0
10,2022-01-08,79,2022-01-10,79,0.0
11,2022-01-08,16,2022-01-10,16,0.0
12,2022-01-08,184,2022-01-10,184,0.0
13,2022-01-08,78,2022-01-10,78,0.0
15,2022-01-08,8,2022-01-10,8,0.0
16,2022-01-08,75,2022-01-10,75,0.0
17,2022-01-08,540,2022-01-10,540,0.0
18,2022-01-08,577,2022-01-10,577,0.0
19,2022-01-08,161,2022-01-10,161,0.0
20,2022-01-08,91,2022-01-10,91,0.0
21,2022-01-08,240,2022-01-10,240,0.0
22,2022-01-08,68,2022-01-10,68,0.0
23,2022-01-08,72,2022-01-10,72,0.0
24,2022-01-08,400,2022-01-10,400,0.0
25,2022-01-08,295,2022-01-10,310,0.04838709677419355
26,2022-01-08,935,2022-01-10,935,0.0
27,2022-01-08,250,2022-01-10,250,0.0
28,2022-01-08,77,2022-01-10,77,0.0
29,2022-01-08,281,2022-01-10,281,0.0
30,2022-01-08,11,2022-01-10,11,0.0
31,2022-01-08,130,2022-01-10,130,0.0
32,2022-01-08,90,2022-01-10,90,0.0
33,2022-01-08,58,2022-01-10,58,0.0
34,2022-01-08,391,2022-01-10,391,0.0
35,2022-01-08,128,2022-01-10,128,0.0
36,2022-01-08,856,2022-01-10,856,0.0
37,2022-01-08,193,2022-01-10,193,0.0
38,2022-01-08,17,2022-01-10,17,0.0
39,2022-01-08,398,2022-01-10,1032,0.6143410852713178
40,2022-01-08,173,2022-01-10,173,0.0
41,2022-01-08,106,2022-01-10,106,0.0
42,2022-01-08,928,2022-01-10,928,0.0
44,2022-01-08,55,2022-01-10,55,0.0
45,2022-01-08,110,2022-01-10,110,0.0
46,2022-01-08,36,2022-01-10,36,0.0
47,2022-01-08,99,2022-01-10,214,0.5373831775700935
48,2022-01-08,717,2022-01-10,717,0.0
49,2022-01-08,100,2022-01-10,100,0.0
50,2022-01-08,12,2022-01-10,12,0.0
51,2022-01-08,64,2022-01-10,64,0.0
53,2022-01-08,151,2022-01-10,151,0.0
54,2022-01-08,85,2022-01-10,85,0.0
55,2022-01-08,229,2022-01-10,229,0.0
56,2022-01-08,46,2022-01-10,46,0.0
60,2022-01-08,0,2022-01-10,0,0.0
66,2022-01-08,4,2022-01-10,4,0.0
69,2022-01-08,5,2022-01-10,5,0.0
72,2022-01-08,53,2022-01-10,53,0.0
78,2022-01-08,0,2022-01-10,0,0.0
01,2022-01-15,17,2022-01-17,17,0.0
02,2022-01-15,7,2022-01-17,7,0.0
04,2022-01-15,364,2022-01-17,364,0.0
05,2022-01-15,116,2022-01-17,116,0.0
06,2022-01-15,680,2022-01-17,680,0.0
08,2022-01-15,191,2022-01-17,191,0.0
09,2022-01-15,179,2022-01-17,179,0.0
10,2022-01-15,59,2022-01-17,59,0.0
11,2022-01-15,28,2022-01-17,28,0.0
12,2022-01-15,-184,2022-01-17,470,1.3914893617021276
13,2022-01-15,407,2022-01-17,407,0.0
15,2022-01-15,21,2022-01-17,21,0.0
16,2022-01-15,37,2022-01-17,37,0.0
17,2022-01-15,738,2022-01-17,738,0.0
18,2022-01-15,612,2022-01-17,612,0.0
19,2022-01-15,182,2022-01-17,182,0.0
20,2022-01-15,66,2022-01-17,66,0.0
21,2022-01-15,160,2022-01-17,160,0.0
22,2022-01-15,83,2022-01-17,83,0.0
23,2022-01-15,55,2022-01-17,55,0.0
24,2022-01-15,450,2022-01-17,450,0.0
25,2022-01-15,371,2022-01-17,354,-0.0480225988700565
26,2022-01-15,754,2022-01-17,754,0.0
27,2022-01-15,205,2022-01-17,205,0.0
28,2022-01-15,98,2022-01-17,98,0.0
29,2022-01-15,315,2022-01-17,315,0.0
30,2022-01-15,28,2022-01-17,28,0.0
31,2022-01-15,72,2022-01-17,72,0.0
32,2022-01-15,117,2022-01-17,117,0.0
33,2022-01-15,60,2022-01-17,60,0.0
34,2022-01-15,635,2022-01-17,635,0.0
35,2022-01-15,162,2022-01-17,162,0.0
36,2022-01-15,1305,2022-01-17,1305,0.0
37,2022-01-15,284,2022-01-17,284,0.0
38,2022-01-15,18,2022-01-17,18,0.0
39,2022-01-15,487,2022-01-17,1107,0.5600722673893406
40,2022-01-15,183,2022-01-17,183,0.0
41,2022-01-15,122,2022-01-17,122,0.0
42,2022-01-15,969,2022-01-17,969,0.0
44,2022-01-15,54,2022-01-17,54,0.0
45,2022-01-15,168,2022-01-17,168,0.0
46,2022-01-15,37,2022-01-17,37,0.0
47,2022-01-15,180,2022-01-17,599,0.6994991652754591
48,2022-01-15,623,2022-01-17,623,0.0
49,2022-01-15,64,2022-01-17,64,0.0
50,2022-01-15,14,2022-01-17,14,0.0
51,2022-01-15,152,2022-01-17,152,0.0
53,2022-01-15,192,2022-01-17,192,0.0
54,2022-01-15,95,2022-01-17,95,0.0
55,2022-01-15,247,2022-01-17,247,0.0
56,2022-01-15,16,2022-01-17,16,0.0
60,2022-01-15,0,2022-01-17,0,0.0
66,2022-01-15,0,2022-01-17,0,0.0
69,2022-01-15,2,2022-01-17,2,0.0
72,2022-01-15,132,2022-01-17,132,0.0
78,2022-01-15,2,2022-01-17,2,0.0
01,2022-01-22,185,2022-01-24,185,0.0
02,2022-01-22,64,2022-01-24,64,0.0
04,2022-01-22,489,2022-01-24,489,0.0
05,2022-01-22,68,2022-01-24,68,0.0
06,2022-01-22,830,2022-01-24,830,0.0
08,2022-01-22,183,2022-01-24,183,0.0
09,2022-01-22,213,2022-01-24,213,0.0
10,2022-01-22,56,2022-01-24,56,0.0
11,2022-01-22,12,2022-01-24,12,0.0
12,2022-01-22,605,2022-01-24,605,0.0
13,2022-01-22,366,2022-01-24,366,0.0
15,2022-01-22,19,2022-01-24,19,0.0
16,2022-01-22,48,2022-01-24,48,0.0
17,2022-01-22,746,2022-01-24,746,0.0
18,2022-01-22,525,2022-01-24,525,0.0
19,2022-01-22,116,2022-01-24,116,0.0
20,2022-01-22,158,2022-01-24,158,0.0
21,2022-01-22,169,2022-01-24,169,0.0
22,2022-01-22,187,2022-01-24,187,0.0
23,2022-01-22,40,2022-01-24,40,0.0
24,2022-01-22,461,2022-01-24,493,0.06490872210953347
25,2022-01-22,463,2022-01-24,449,-0.031180400890868598
26,2022-01-22,793,2022-01-24,793,0.0
27,2022-01-22,180,2022-01-24,180,0.0
28,2022-01-22,96,2022-01-24,96,0.0
29,2022-01-22,429,2022-01-24,429,0.0
30,2022-01-22,31,2022-01-24,31,0.0
31,2022-01-22,29,2022-01-24,29,0.0
32,2022-01-22,109,2022-01-24,109,0.0
33,2022-01-22,56,2022-01-24,56,0.0
34,2022-01-22,667,2022-01-24,667,0.0
35,2022-01-22,114,2022-01-24,114,0.0
36,2022-01-22,1445,2022-01-24,1445,0.0
37,2022-01-22,290,2022-01-24,290,0.0
38,2022-01-22,24,2022-01-24,24,0.0
39,2022-01-22,35,2022-01-24,1022,0.9657534246575342
40,2022-01-22,193,2022-01-24,193,0.0
41,2022-01-22,53,2022-01-24,53,0.0
42,2022-01-22,876,2022-01-24,876,0.0
44,2022-01-22,65,2022-01-24,65,0.0
45,2022-01-22,194,2022-01-24,194,0.0
46,2022-01-22,42,2022-01-24,42,0.0
47,2022-01-22,584,2022-01-24,456,-0.2807017543859649
48,2022-01-22,971,2022-01-24,971,0.0
49,2022-01-22,79,2022-01-24,79,0.0
50,2022-01-22,17,2022-01-24,17,0.0
51,2022-01-22,49,2022-01-24,49,0.0
53,2022-01-22,209,2022-01-24,209,0.0
54,2022-01-22,93,2022-01-24,93,0.0
55,2022-01-22,297,2022-01-24,297,0.0
56,2022-01-22,13,2022-01-24,13,0.0
60,2022-01-22,0,2022-01-24,0,0.0
66,2022-01-22,2,2022-01-24,2,0.0
69,2022-01-22,1,2022-01-24,1,0.0
72,2022-01-22,180,2022-01-24,180,0.0
78,2022-01-22,5,2022-01-24,5,0.0
01,2022-01-29,260,2022-01-31,260,0.0
02,2022-01-29,34,2022-01-31,34,0.0
04,2022-01-29,626,2022-01-31,626,0.0
05,2022-01-29,118,2022-01-31,118,0.0
06,2022-01-29,1211,2022-01-31,1212,0.0008250825082508251
08,2022-01-29,262,2022-01-31,262,0.0
09,2022-01-29,216,2022-01-31,216,0.0
10,2022-01-29,51,2022-01-31,51,0.0
11,2022-01-29,17,2022-01-31,17,0.0
12,2022-01-29,1192,2022-01-31,1192,0.0
13,2022-01-29,574,2022-01-31,574,0.0
15,2022-01-29,31,2022-01-31,31,0.0
16,2022-01-29,83,2022-01-31,83,0.0
17,2022-01-29,843,2022-01-31,843,0.0
18,2022-01-29,550,2022-01-31,550,0.0
19,2022-01-29,184,2022-01-31,184,0.0
20,2022-01-29,198,2022-01-31,198,0.0
21,2022-01-29,203,2022-01-31,203,0.0
22,2022-01-29,307,2022-01-31,307,0.0
23,2022-01-29,40,2022-01-31,40,0.0
24,2022-01-29,363,2022-01-31,331,-0.09667673716012085
25,2022-01-29,507,2022-01-31,503,-0.007952286282306162
26,2022-01-29,695,2022-01-31,695,0.0
27,2022-01-29,241,2022-01-31,241,0.0
28,2022-01-29,110,2022-01-31,110,0.0
29,2022-01-29,150,2022-01-31,150,0.0
30,2022-01-29,17,2022-01-31,17,0.0
31,2022-01-29,97,2022-01-31,97,0.0
32,2022-01-29,178,2022-01-31,178,0.0
33,2022-01-29,70,2022-01-31,70,0.0
34,2022-01-29,645,2022-01-31,645,0.0
35,2022-01-29,158,2022-01-31,158,0.0
36,2022-01-29,1527,2022-01-31,1527,0.0
37,2022-01-29,402,2022-01-31,402,0.0
38,2022-01-29,24,2022-01-31,24,0.0
39,2022-01-29,1,2022-01-31,875,0.9988571428571429
40,2022-01-29,242,2022-01-31,242,0.0
41,2022-01-29,150,2022-01-31,150,0.0
42,2022-01-29,1061,2022-01-31,1061,0.0
44,2022-01-29,62,2022-01-31,62,0.0
45,2022-01-29,158,2022-01-31,158,0.0
46,2022-01-29,36,2022-01-31,36,0.0
47,2022-01-29,437,2022-01-31,421,-0.03800475059382423
48,2022-01-29,1212,2022-01-31,1212,0.0
49,2022-01-29,77,2022-01-31,77,0.0
50,2022-01-29,19,2022-01-31,19,0.0
51,2022-01-29,275,2022-01-31,275,0.0
53,2022-01-29,294,2022-01-31,294,0.0
54,2022-01-29,134,2022-01-31,134,0.0
55,2022-01-29,345,2022-01-31,345,0.0
56,2022-01-29,24,2022-01-31,24,0.0
60,2022-01-29,0,2022-01-31,0,0.0
66,2022-01-29,9,2022-01-31,9,0.0
69,2022-01-29,1,2022-01-31,1,0.0
72,2022-01-29,164,2022-01-31,164,0.0
78,2022-01-29,3,2022-01-31,3,0.0
01,2022-02-05,285,2022-02-07,285,0.0
02,2022-02-05,8,2022-02-07,8,0.0
04,2022-02-05,445,2022-02-07,445,0.0
05,2022-02-05,177,2022-02-07,177,0.0
06,2022-02-05,1237,2022-02-07,1238,0.0008077544426494346
08,2022-02-05,141,2022-02-07,141,0.0
09,2022-02-05,174,2022-02-07,174,0.0
10,2022-02-05,45,2022-02-07,45,0.0
11,2022-02-05,9,2022-02-07,9,0.0
12,2022-02-05,1324,2022-02-07,1324,0.0
13,2022-02-05,534,2022-02-07,534,0.0
15,2022-02-05,49,2022-02-07,49,0.0
16,2022-02-05,74,2022-02-07,74,0.0
17,2022-02-05,608,2022-02-07,608,0.0
18,2022-02-05,411,2022-02-07,411,0.0
19,2022-02-05,156,2022-02-07,156,0.0
20,2022-02-05,194,2022-02-07,194,0.0
21,2022-02-05,173,2022-02-07,173,0.0
22,2022-02-05,274,2022-02-07,274,0.0
23,2022-02-05,66,2022-02-07,66,0.0
24,2022-02-05,259,2022-02-07,259,0.0
25,2022-02-05,470,2022-02-07,433,-0.08545034642032333
26,2022-02-05,676,2022-02-07,676,0.0
27,2022-02-05,217,2022-02-07,217,0.0
28,2022-02-05,419,2022-02-07,419,0.0
29,2022-02-05,453,2022-02-07,453,0.0
30,2022-02-05,38,2022-02-07,38,0.0
31,2022-02-05,89,2022-02-07,89,0.0
32,2022-02-05,230,2022-02-07,230,0.0
33,2022-02-05,41,2022-02-07,41,0.0
34,2022-02-05,557,2022-02-07,557,0.0
35,2022-02-05,118,2022-02-07,118,0.0
36,2022-02-05,908,2022-02-07,908,0.0
37,2022-02-05,502,2022-02-07,502,0.0
38,2022-02-05,37,2022-02-07,37,0.0
39,2022-02-05,26,2022-02-07,686,0.9620991253644315
40,2022-02-05,322,2022-02-07,322,0.0
41,2022-02-05,128,2022-02-07,128,0.0
42,2022-02-05,976,2022-02-07,976,0.0
44,2022-02-05,52,2022-02-07,52,0.0
45,2022-02-05,525,2022-02-07,525,0.0
46,2022-02-05,50,2022-02-07,50,0.0
47,2022-02-05,852,2022-02-07,451,-0.8891352549889135
48,2022-02-05,1395,2022-02-07,1395,0.0
49,2022-02-05,66,2022-02-07,66,0.0
50,2022-02-05,20,2022-02-07,20,0.0
51,2022-02-05,576,2022-02-07,576,0.0
53,2022-02-05,268,2022-02-07,268,0.0
54,2022-02-05,103,2022-02-07,103,0.0
55,2022-02-05,309,2022-02-07,309,0.0
56,2022-02-05,25,2022-02-07,25,0.0
60,2022-02-05,0,2022-02-07,0,0.0
66,2022-02-05,11,2022-02-07,11,0.0
69,2022-02-05,0,2022-02-07,0,0.0
72,2022-02-05,102,2022-02-07,102,0.0
78,2022-02-05,3,2022-02-07,3,0.0
01,2022-02-12,200,2022-02-14,200,0.0
02,2022-02-12,21,2022-02-14,21,0.0
04,2022-02-12,536,2022-02-14,536,0.0
05,2022-02-12,232,2022-02-14,232,0.0
06,2022-02-12,1501,2022-02-14,1501,0.0
08,2022-02-12,399,2022-02-14,399,0.0
09,2022-02-12,101,2022-02-14,101,0.0
10,2022-02-12,67,2022-02-14,67,0.0
11,2022-02-12,16,2022-02-14,16,0.0
12,2022-02-12,1293,2022-02-14,1293,0.0
13,2022-02-12,674,2022-02-14,674,0.0
15,2022-02-12,36,2022-02-14,36,0.0
16,2022-02-12,73,2022-02-14,73,0.0
17,2022-02-12,499,2022-02-14,499,0.0
18,2022-02-12,424,2022-02-14,424,0.0
19,2022-02-12,172,2022-02-14,172,0.0
20,2022-02-12,7,2022-02-14,7,0.0
21,2022-02-12,237,2022-02-14,237,0.0
22,2022-02-12,271,2022-02-14,271,0.0
23,2022-02-12,24,2022-02-14,24,0.0
24,2022-02-12,214,2022-02-14,214,0.0
25,2022-02-12,412,2022-02-14,351,-0.1737891737891738
26,2022-02-12,590,2022-02-14,590,0.0
27,2022-02-12,208,2022-02-14,208,0.0
28,2022-02-12,308,2022-02-14,308,0.0
29,2022-02-12,362,2022-02-14,362,0.0
30,2022-02-12,36,2022-02-14,36,0.0
31,2022-02-12,60,2022-02-14,60,0.0
32,2022-02-12,191,2022-02-14,191,0.0
33,2022-02-12,48,2022-02-14,48,0.0
34,2022-02-12,426,2022-02-14,426,0.0
35,2022-02-12,123,2022-02-14,123,0.0
36,2022-02-12,805,2022-02-14,805,0.0
37,2022-02-12,568,2022-02-14,568,0.0
38,2022-02-12,24,2022-02-14,24,0.0
39,2022-02-12,26,2022-02-14,510,0.9490196078431372
40,2022-02-12,315,2022-02-14,315,0.0
41,2022-02-12,141,2022-02-14,141,0.0
42,2022-02-12,679,2022-02-14,679,0.0
44,2022-02-12,22,2022-02-14,22,0.0
45,2022-02-12,345,2022-02-14,345,0.0
46,2022-02-12,43,2022-02-14,43,0.0
47,2022-02-12,332,2022-02-14,375,0.11466666666666667
48,2022-02-12,1398,2022-02-14,1398,0.0
49,2022-02-12,88,2022-02-14,88,0.0
50,2022-02-12,13,2022-02-14,13,0.0
51,2022-02-12,779,2022-02-14,779,0.0
53,2022-02-12,349,2022-02-14,349,0.0
54,2022-02-12,146,2022-02-14,146,0.0
55,2022-02-12,277,2022-02-14,277,0.0
56,2022-02-12,17,2022-02-14,17,0.0
60,2022-02-12,0,2022-02-14,0,0.0
66,2022-02-12,10,2022-02-14,10,0.0
69,2022-02-12,0,2022-02-14,0,0.0
72,2022-02-12,86,2022-02-14,86,0.0
78,2022-02-12,3,2022-02-14,3,0.0
01,2022-02-19,362,2022-02-21,362,0.0
02,2022-02-19,27,2022-02-21,27,0.0
04,2022-02-19,349,2022-02-21,349,0.0
05,2022-02-19,266,2022-02-21,266,0.0
06,2022-02-19,1444,2022-02-21,1443,-0.000693000693000693
08,2022-02-19,80,2022-02-21,80,0.0
09,2022-02-19,97,2022-02-21,97,0.0
10,2022-02-19,52,2022-02-21,52,0.0
11,2022-02-19,5,2022-02-21,5,0.0
12,2022-02-19,1330,2022-02-21,1330,0.0
13,2022-02-19,681,2022-02-21,681,0.0
15,2022-02-19,42,2022-02-21,42,0.0
16,2022-02-19,124,2022-02-21,124,0.0
17,2022-02-19,504,2022-02-21,504,0.0
18,2022-02-19,393,2022-02-21,393,0.0
19,2022-02-19,119,2022-02-21,119,0.0
20,2022-02-19,185,2022-02-21,185,0.0
21,2022-02-19,265,2022-02-21,265,0.0
22,2022-02-19,224,2022-02-21,224,0.0
23,2022-02-19,132,2022-02-21,132,0.0
24,2022-02-19,98,2022-02-21,98,0.0
25,2022-02-19,318,2022-02-21,267,-0.19101123595505617
26,2022-02-19,535,2022-02-21,535,0.0
27,2022-02-19,174,2022-02-21,174,0.0
28,2022-02-19,278,2022-02-21,278,0.0
29,2022-02-19,380,2022-02-21,380,0.0
30,2022-02-19,38,2022-02-21,38,0.0
31,2022-02-19,68,2022-02-21,68,0.0
32,2022-02-19,173,2022-02-21,173,0.0
33,2022-02-19,39,2022-02-21,39,0.0
34,2022-02-19,273,2022-02-21,273,0.0
35,2022-02-19,117,2022-02-21,117,0.0
36,2022-02-19,508,2022-02-21,508,0.0
37,2022-02-19,483,2022-02-21,483,0.0
38,2022-02-19,20,2022-02-21,20,0.0
39,2022-02-19,0,2022-02-21,399,1.0
40,2022-02-19,376,2022-02-21,376,0.0
41,2022-02-19,101,2022-02-21,101,0.0
42,2022-02-19,483,2022-02-21,483,0.0
44,2022-02-19,21,2022-02-21,21,0.0
45,2022-02-19,397,2022-02-21,397,0.0
46,2022-02-19,42,2022-02-21,42,0.0
47,2022-02-19,618,2022-02-21,648,0.046296296296296294
48,2022-02-19,1588,2022-02-21,1588,0.0
49,2022-02-19,98,2022-02-21,98,0.0
50,2022-02-19,17,2022-02-21,17,0.0
51,2022-02-19,534,2022-02-21,534,0.0
53,2022-02-19,299,2022-02-21,299,0.0
54,2022-02-19,170,2022-02-21,170,0.0
55,2022-02-19,191,2022-02-21,191,0.0
56,2022-02-19,22,2022-02-21,22,0.0
60,2022-02-19,0,2022-02-21,0,0.0
66,2022-02-19,10,2022-02-21,10,0.0
69,2022-02-19,2,2022-02-21,2,0.0
72,2022-02-19,53,2022-02-21,53,0.0
78,2022-02-19,3,2022-02-21,3,0.0
01,2022-02-26,292,2022-02-28,292,0.0
02,2022-02-26,22,2022-02-28,22,0.0
04,2022-02-26,433,2022-02-28,433,0.0
05,2022-02-26,174,2022-02-28,174,0.0
06,2022-02-26,1097,2022-02-28,1098,0.0009107468123861566
08,2022-02-26,71,2022-02-28,71,0.0
09,2022-02-26,108,2022-02-28,108,0.0
10,2022-02-26,14,2022-02-28,14,0.0
11,2022-02-26,3,2022-02-28,3,0.0
12,2022-02-26,888,2022-02-28,888,0.0
13,2022-02-26,559,2022-02-28,559,0.0
15,2022-02-26,30,2022-02-28,30,0.0
16,2022-02-26,54,2022-02-28,54,0.0
17,2022-02-26,355,2022-02-28,355,0.0
18,2022-02-26,271,2022-02-28,271,0.0
19,2022-02-26,137,2022-02-28,137,0.0
20,2022-02-26,29,2022-02-28,29,0.0
21,2022-02-26,193,2022-02-28,193,0.0
22,2022-02-26,206,2022-02-28,206,0.0
23,2022-02-26,104,2022-02-28,104,0.0
24,2022-02-26,102,2022-02-28,102,0.0
25,2022-02-26,261,2022-02-28,241,-0.08298755186721991
26,2022-02-26,479,2022-02-28,479,0.0
27,2022-02-26,130,2022-02-28,130,0.0
28,2022-02-26,172,2022-02-28,172,0.0
29,2022-02-26,451,2022-02-28,451,0.0
30,2022-02-26,67,2022-02-28,67,0.0
31,2022-02-26,73,2022-02-28,73,0.0
32,2022-02-26,156,2022-02-28,156,0.0
33,2022-02-26,40,2022-02-28,40,0.0
34,2022-02-26,241,2022-02-28,241,0.0
35,2022-02-26,128,2022-02-28,128,0.0
36,2022-02-26,361,2022-02-28,361,0.0
37,2022-02-26,352,2022-02-28,352,0.0
38,2022-02-26,18,2022-02-28,18,0.0
39,2022-02-26,313,2022-02-28,262,-0.1946564885496183
40,2022-02-26,318,2022-02-28,318,0.0
41,2022-02-26,126,2022-02-28,126,0.0
42,2022-02-26,517,2022-02-28,517,0.0
44,2022-02-26,9,2022-02-28,9,0.0
45,2022-02-26,257,2022-02-28,257,0.0
46,2022-02-26,30,2022-02-28,30,0.0
47,2022-02-26,525,2022-02-28,501,-0.04790419161676647
48,2022-02-26,1127,2022-02-28,1127,0.0
49,2022-02-26,49,2022-02-28,49,0.0
50,2022-02-26,12,2022-02-28,12,0.0
51,2022-02-26,520,2022-02-28,520,0.0
53,2022-02-26,216,2022-02-28,216,0.0
54,2022-02-26,146,2022-02-28,146,0.0
55,2022-02-26,188,2022-02-28,188,0.0
56,2022-02-26,29,2022-02-28,29,0.0
60,2022-02-26,0,2022-02-28,0,0.0
66,2022-02-26,6,2022-02-28,6,0.0
69,2022-02-26,4,2022-02-28,4,0.0
72,2022-02-26,26,2022-02-28,26,0.0
78,2022-02-26,1,2022-02-28,1,0.0
01,2022-03-05,255,2022-03-07,255,0.0
02,2022-03-05,28,2022-03-07,28,0.0
04,2022-03-05,-238,2022-03-07,-238,0.0
05,2022-03-05,234,2022-03-07,234,0.0
06,2022-03-05,1243,2022-03-07,1241,-0.0016116035455278
08,2022-03-05,58,2022-03-07,58,0.0
09,2022-03-05,78,2022-03-07,78,0.0
10,2022-03-05,42,2022-03-07,42,0.0
11,2022-03-05,2,2022-03-07,4,0.5
12,2022-03-05,1207,2022-03-07,1207,0.0
13,2022-03-05,466,2022-03-07,466,0.0
15,2022-03-05,23,2022-03-07,23,0.0
16,2022-03-05,58,2022-03-07,58,0.0
17,2022-03-05,272,2022-03-07,272,0.0
18,2022-03-05,202,2022-03-07,202,0.0
19,2022-03-05,86,2022-03-07,86,0.0
20,2022-03-05,49,2022-03-07,49,0.0
21,2022-03-05,260,2022-03-07,260,0.0
22,2022-03-05,148,2022-03-07,148,0.0
23,2022-03-05,71,2022-03-07,71,0.0
24,2022-03-05,71,2022-03-07,71,0.0
25,2022-03-05,207,2022-03-07,195,-0.06153846153846154
26,2022-03-05,364,2022-03-07,364,0.0
27,2022-03-05,112,2022-03-07,112,0.0
28,2022-03-05,143,2022-03-07,143,0.0
29,2022-03-05,273,2022-03-07,273,0.0
30,2022-03-05,32,2022-03-07,32,0.0
31,2022-03-05,57,2022-03-07,57,0.0
32,2022-03-05,135,2022-03-07,135,0.0
33,2022-03-05,4,2022-03-07,29,0.8620689655172413
34,2022-03-05,117,2022-03-07,117,0.0
35,2022-03-05,69,2022-03-07,69,0.0
36,2022-03-05,223,2022-03-07,223,0.0
37,2022-03-05,263,2022-03-07,263,0.0
38,2022-03-05,-28,2022-03-07,-28,0.0
39,2022-03-05,196,2022-03-07,190,-0.031578947368421054
40,2022-03-05,294,2022-03-07,294,0.0
41,2022-03-05,127,2022-03-07,127,0.0
42,2022-03-05,322,2022-03-07,322,0.0
44,2022-03-05,11,2022-03-07,11,0.0
45,2022-03-05,171,2022-03-07,171,0.0
46,2022-03-05,25,2022-03-07,25,0.0
47,2022-03-05,215,2022-03-07,234,0.0811965811965812
48,2022-03-05,936,2022-03-07,936,0.0
49,2022-03-05,45,2022-03-07,45,0.0
50,2022-03-05,12,2022-03-07,12,0.0
51,2022-03-05,419,2022-03-07,419,0.0
53,2022-03-05,194,2022-03-07,194,0.0
54,2022-03-05,132,2022-03-07,132,0.0
55,2022-03-05,233,2022-03-07,233,0.0
56,2022-03-05,23,2022-03-07,23,0.0
60,2022-03-05,0,2022-03-07,0,0.0
66,2022-03-05,9,2022-03-07,9,0.0
69,2022-03-05,1,2022-03-07,1,0.0
72,2022-03-05,29,2022-03-07,29,0.0
78,2022-03-05,0,2022-03-07,0,0.0
01,2022-03-12,352,2022-03-14,352,0.0
02,2022-03-12,10,2022-03-14,10,0.0
04,2022-03-12,382,2022-03-14,382,0.0
05,2022-03-12,193,2022-03-14,193,0.0
06,2022-03-12,983,2022-03-14,983,0.0
08,2022-03-12,29,2022-03-14,29,0.0
09,2022-03-12,105,2022-03-14,105,0.0
10,2022-03-12,2,2022-03-14,2,0.0
11,2022-03-12,0,2022-03-14,5,1.0
12,2022-03-12,863,2022-03-14,863,0.0
13,2022-03-12,411,2022-03-14,411,0.0
15,2022-03-12,1,2022-03-14,1,0.0
16,2022-03-12,31,2022-03-14,31,0.0
17,2022-03-12,149,2022-03-14,149,0.0
18,2022-03-12,162,2022-03-14,162,0.0
19,2022-03-12,91,2022-03-14,91,0.0
20,2022-03-12,24,2022-03-14,24,0.0
21,2022-03-12,79,2022-03-14,79,0.0
22,2022-03-12,133,2022-03-14,133,0.0
23,2022-03-12,10,2022-03-14,10,0.0
24,2022-03-12,73,2022-03-14,73,0.0
25,2022-03-12,174,2022-03-14,163,-0.06748466257668712
26,2022-03-12,347,2022-03-14,347,0.0
27,2022-03-12,91,2022-03-14,91,0.0
28,2022-03-12,104,2022-03-14,104,0.0
29,2022-03-12,225,2022-03-14,225,0.0
30,2022-03-12,19,2022-03-14,19,0.0
31,2022-03-12,13,2022-03-14,13,0.0
32,2022-03-12,123,2022-03-14,123,0.0
33,2022-03-12,12,2022-03-14,12,0.0
34,2022-03-12,97,2022-03-14,97,0.0
35,2022-03-12,78,2022-03-14,78,0.0
36,2022-03-12,134,2022-03-14,134,0.0
37,2022-03-12,159,2022-03-14,159,0.0
38,2022-03-12,15,2022-03-14,15,0.0
39,2022-03-12,198,2022-03-14,114,-0.7368421052631579
40,2022-03-12,218,2022-03-14,218,0.0
41,2022-03-12,160,2022-03-14,160,0.0
42,2022-03-12,309,2022-03-14,309,0.0
44,2022-03-12,4,2022-03-14,4,0.0
45,2022-03-12,411,2022-03-14,411,0.0
46,2022-03-12,26,2022-03-14,26,0.0
47,2022-03-12,351,2022-03-14,545,0.3559633027522936
48,2022-03-12,678,2022-03-14,678,0.0
49,2022-03-12,86,2022-03-14,86,0.0
50,2022-03-12,1,2022-03-14,1,0.0
51,2022-03-12,257,2022-03-14,257,0.0
53,2022-03-12,158,2022-03-14,158,0.0
54,2022-03-12,110,2022-03-14,110,0.0
55,2022-03-12,224,2022-03-14,224,0.0
56,2022-03-12,8,2022-03-14,8,0.0
60,2022-03-12,0,2022-03-14,0,0.0
66,2022-03-12,6,2022-03-14,6,0.0
69,2022-03-12,0,2022-03-14,0,0.0
72,2022-03-12,17,2022-03-14,17,0.0
78,2022-03-12,0,2022-03-14,0,0.0
01,2022-03-19,206,2022-03-21,206,0.0
02,2022-03-19,1,2022-03-21,1,0.0
04,2022-03-19,457,2022-03-21,457,0.0
05,2022-03-19,186,2022-03-21,186,0.0
06,2022-03-19,760,2022-03-21,760,0.0
08,2022-03-19,48,2022-03-21,48,0.0
09,2022-03-19,69,2022-03-21,69,0.0
10,2022-03-19,80,2022-03-21,80,0.0
11,2022-03-19,0,2022-03-21,1,1.0
12,2022-03-19,844,2022-03-21,844,0.0
13,2022-03-19,314,2022-03-21,314,0.0
15,2022-03-19,14,2022-03-21,14,0.0
16,2022-03-19,15,2022-03-21,15,0.0
17,2022-03-19,123,2022-03-21,123,0.0
18,2022-03-19,126,2022-03-21,126,0.0
19,2022-03-19,87,2022-03-21,87,0.0
20,2022-03-19,139,2022-03-21,139,0.0
21,2022-03-19,283,2022-03-21,283,0.0
22,2022-03-19,109,2022-03-21,109,0.0
23,2022-03-19,37,2022-03-21,37,0.0
24,2022-03-19,44,2022-03-21,44,0.0
25,2022-03-19,-3722,2022-03-21,57,66.29824561403508
26,2022-03-19,230,2022-03-21,230,0.0
27,2022-03-19,67,2022-03-21,67,0.0
28,2022-03-19,75,2022-03-21,75,0.0
29,2022-03-19,309,2022-03-21,309,0.0
30,2022-03-19,11,2022-03-21,11,0.0
31,2022-03-19,21,2022-03-21,21,0.0
32,2022-03-19,28,2022-03-21,28,0.0
33,2022-03-19,20,2022-03-21,20,0.0
34,2022-03-19,65,2022-03-21,65,0.0
35,2022-03-19,95,2022-03-21,95,0.0
36,2022-03-19,156,2022-03-21,156,0.0
37,2022-03-19,136,2022-03-21,136,0.0
38,2022-03-19,6,2022-03-21,6,0.0
39,2022-03-19,198,2022-03-21,91,-1.1758241758241759
40,2022-03-19,120,2022-03-21,120,0.0
41,2022-03-19,102,2022-03-21,102,0.0
42,2022-03-19,177,2022-03-21,177,0.0
44,2022-03-19,8,2022-03-21,8,0.0
45,2022-03-19,8,2022-03-21,8,0.0
46,2022-03-19,22,2022-03-21,22,0.0
47,2022-03-19,403,2022-03-21,202,-0.995049504950495
48,2022-03-19,261,2022-03-21,261,0.0
49,2022-03-19,22,2022-03-21,22,0.0
50,2022-03-19,3,2022-03-21,3,0.0
51,2022-03-19,254,2022-03-21,254,0.0
53,2022-03-19,150,2022-03-21,150,0.0
54,2022-03-19,96,2022-03-21,96,0.0
55,2022-03-19,247,2022-03-21,247,0.0
56,2022-03-19,20,2022-03-21,20,0.0
60,2022-03-19,0,2022-03-21,0,0.0
66,2022-03-19,4,2022-03-21,4,0.0
69,2022-03-19,1,2022-03-21,1,0.0
72,2022-03-19,4,2022-03-21,4,0.0
78,2022-03-19,1,2022-03-21,1,0.0
01,2022-03-26,172,2022-03-28,172,0.0
02,2022-03-26,20,2022-03-28,20,0.0
04,2022-03-26,336,2022-03-28,336,0.0
05,2022-03-26,131,2022-03-28,131,0.0
06,2022-03-26,573,2022-03-28,573,0.0
08,2022-03-26,64,2022-03-28,64,0.0
09,2022-03-26,42,2022-03-28,42,0.0
10,2022-03-26,4,2022-03-28,4,0.0
11,2022-03-26,0,2022-03-28,4,1.0
12,2022-03-26,323,2022-03-28,323,0.0
13,2022-03-26,264,2022-03-28,264,0.0
15,2022-03-26,5,2022-03-28,5,0.0
16,2022-03-26,33,2022-03-28,33,0.0
17,2022-03-26,109,2022-03-28,109,0.0
18,2022-03-26,66,2022-03-28,66,0.0
19,2022-03-26,53,2022-03-28,53,0.0
20,2022-03-26,74,2022-03-28,74,0.0
21,2022-03-26,279,2022-03-28,279,0.0
22,2022-03-26,80,2022-03-28,80,0.0
23,2022-03-26,13,2022-03-28,13,0.0
24,2022-03-26,31,2022-03-28,31,0.0
25,2022-03-26,43,2022-03-28,43,0.0
26,2022-03-26,154,2022-03-28,154,0.0
27,2022-03-26,58,2022-03-28,58,0.0
28,2022-03-26,48,2022-03-28,48,0.0
29,2022-03-26,191,2022-03-28,191,0.0
30,2022-03-26,8,2022-03-28,8,0.0
31,2022-03-26,6,2022-03-28,6,0.0
32,2022-03-26,82,2022-03-28,82,0.0
33,2022-03-26,11,2022-03-28,11,0.0
34,2022-03-26,43,2022-03-28,43,0.0
35,2022-03-26,61,2022-03-28,61,0.0
36,2022-03-26,104,2022-03-28,104,0.0
37,2022-03-26,116,2022-03-28,116,0.0
38,2022-03-26,0,2022-03-28,0,0.0
39,2022-03-26,185,2022-03-28,56,-2.3035714285714284
40,2022-03-26,210,2022-03-28,210,0.0
41,2022-03-26,64,2022-03-28,64,0.0
42,2022-03-26,197,2022-03-28,197,0.0
44,2022-03-26,9,2022-03-28,9,0.0
45,2022-03-26,113,2022-03-28,113,0.0
46,2022-03-26,5,2022-03-28,5,0.0
47,2022-03-26,81,2022-03-28,80,-0.0125
48,2022-03-26,362,2022-03-28,362,0.0
49,2022-03-26,141,2022-03-28,141,0.0
50,2022-03-26,4,2022-03-28,4,0.0
51,2022-03-26,143,2022-03-28,143,0.0
53,2022-03-26,99,2022-03-28,99,0.0
54,2022-03-26,93,2022-03-28,93,0.0
55,2022-03-26,241,2022-03-28,241,0.0
56,2022-03-26,14,2022-03-28,14,0.0
60,2022-03-26,1,2022-03-28,1,0.0
66,2022-03-26,-1,2022-03-28,-1,0.0
69,2022-03-26,2,2022-03-28,2,0.0
72,2022-03-26,5,2022-03-28,5,0.0
78,2022-03-26,0,2022-03-28,0,0.0
