cell,n_0910,n_1112,r_0910,se_0910,r_1112,se_1112,side_0910,side_1112,inside_old_band,lo_0910,hi_0910,lo_1112,hi_1112,width_change
"not 55+, not diabetic, not overweight, not male",604,525,0.017921662369903075,0.006827948760001006,0.03510606707402365,0.009453436787726812,below,below,True,0.008604685113565214,0.03695086791270948,0.020754067333754685,0.05878704831414144,1.3845207572596692
"not 55+, not diabetic, not overweight, male",448,492,0.032062238940415634,0.010594623091790776,0.028175414029164875,0.01444946303905778,below,below,True,0.016878191232892092,0.06007157745333734,0.01062641772575379,0.07257965413066837,1.363848710224899
"not 55+, not diabetic, overweight, not male",1086,887,0.047682912488871236,0.007459290727082685,0.054710704409961626,0.009354112291437355,below,below,True,0.035063022235611266,0.06454114802803008,0.039086567796798574,0.07608578239021528,1.254021680302
"not 55+, not diabetic, overweight, male",1086,921,0.09530980907978338,0.011294130688893102,0.07276998125512027,0.008928645225825255,below,below,False,0.07540467438113199,0.11978868752881189,0.05713339618154371,0.09226728858186731,0.7905562164785186
"not 55+, diabetic, not overweight, not male",7,7,0.0,0.0,0.272014982293429,0.23609068324165533,straddles,straddles,True,0.0,0.35433884297520657,0.04854104561421119,0.7323817097477054,
"not 55+, diabetic, not overweight, male",11,21,0.03342530698755162,0.037149607954638106,0.08683907162766476,0.06970888111226818,below,straddles,True,0.00496169814048017,0.19343275206058824,0.019593017955682662,0.3115427941853729,1.8764365211440965
"not 55+, diabetic, overweight, not male",94,107,0.16838757987918426,0.03802071639189361,0.06945547780941719,0.012544706908036088,below,below,False,0.10686470427265095,0.25520881400732265,0.04864885897319873,0.09824193600020209,0.3299439910267115
"not 55+, diabetic, overweight, male",94,86,0.16967478060380253,0.04229061120808163,0.1369072297205333,0.03700242538830461,below,below,True,0.10265092421266475,0.26741903656337274,0.07975085077805609,0.2250108780519406,0.8749560323505927
"55+, not diabetic, not overweight, not male",231,240,0.26625259720637573,0.02925144597554695,0.27355768549359205,0.04795187679200378,straddles,straddles,True,0.21313250244749016,0.3271083413697924,0.19072716145973817,0.37566226786309415,1.6392993642806462
"55+, not diabetic, not overweight, male",229,233,0.29310346861421016,0.044023797037376126,0.31535109876245404,0.05776648802432592,straddles,straddles,True,0.21520015847729432,0.38536039339104766,0.21521068925676656,0.43618953358043233,1.3121650541701861
"55+, not diabetic, overweight, not male",628,488,0.24899461780156557,0.027413512861234494,0.22755536601647214,0.020368168106036096,straddles,below,True,0.19935401816282733,0.3062677359826727,0.19018623978957538,0.26982058808889664,0.74299737538704
"55+, not diabetic, overweight, male",624,481,0.21767720609583985,0.00912895306703918,0.243574081890399,0.026114753921069045,below,below,False,0.20032317277329162,0.23609077461841957,0.19621739352169076,0.2981210613146245,2.8606515697137787
"55+, diabetic, not overweight, not male",33,41,0.41318825521978686,0.05464570543856855,0.3644574449672534,0.14998560900646557,above,straddles,True,0.3123781893146794,0.5218418152196911,0.14772410686202342,0.6548496141772833,2.74469160573059
"55+, diabetic, not overweight, male",42,49,0.13586582402574754,0.04386174626184593,0.25334013390032833,0.0747028244936245,below,straddles,False,0.07130250835982749,0.24355833536336952,0.13743074233629593,0.41946788063584195,1.7031429630654342
"55+, diabetic, overweight, not male",261,212,0.2914422659128934,0.03877543005283482,0.31715401636371293,0.03763896918685316,straddles,straddles,True,0.22194371650123995,0.3722902263982278,0.24863604043063836,0.3946365947584981,0.970691211820652
"55+, diabetic, overweight, male",248,214,0.2524137478033625,0.04514132009640053,0.36238482354013624,0.047313971394978005,straddles,straddles,False,0.1750195685618239,0.3495317017496177,0.2761327446584292,0.45851306546851844,1.0481299903046193
