cell,n,risk,lo,hi,side,margin,L0,L1,L2,L3
"55+, diabetic, not overweight, not male",74,0.38334249058585373,0.22572208189350668,0.5700012966529235,straddles,-0.07427791810649331,"(0.0, 1.0)","(0.0, 1.0)","(0.0, 0.6558763205036525)","(0.34935397749331093, 0.40120393591723474)"
"55+, diabetic, overweight, male",462,0.30766201792622594,0.24955919787917213,0.372576302434664,straddles,-0.050440802120827855,"(0.0, 1.0)","(0.0, 0.8804790685972894)","(0.16991810924323214, 0.4303766433731243)","(0.301937762089846, 0.31067019549509906)"
"55+, not diabetic, not overweight, male",462,0.30541273733258695,0.23761868924081941,0.38283606622375377,straddles,-0.062381310759180575,"(0.0, 1.0)","(0.0, 0.9632375869079497)","(0.13976931736907572, 0.425845891147532)","(0.3002836336679327, 0.3081081540004407)"
"55+, diabetic, overweight, not male",473,0.30418670236282624,0.25458091759706786,0.35880568897041326,straddles,-0.04541908240293213,"(0.0, 1.0)","(0.0, 0.834125111345527)","(0.17965984362015563, 0.42640620197266366)","(0.3013368941855792, 0.30960959736077037)"
"55+, not diabetic, not overweight, not male",471,0.27013755175874,0.21771235113958526,0.3298636506012284,straddles,-0.02986365060122842,"(0.0, 1.0)","(0.0, 0.685525006382683)","(0.1788580542769176, 0.3824554301797254)","(0.26821925501290184, 0.27378787528248927)"
"55+, not diabetic, overweight, not male",1116,0.23801400248868648,0.20661418670530243,0.2725464793171832,below,0.027453520682816812,"(0.0, 1.0)","(0.0, 0.62513838979393)","(0.16669732580205676, 0.30580498445722815)","(0.23631713336590227, 0.23890573126153977)"
"55+, not diabetic, overweight, male",1105,0.23090381751211714,0.20493416548335683,0.25909196436300974,below,0.04090803563699025,"(0.0, 1.0)","(0.0, 0.7132797118618637)","(0.15874483256499006, 0.3126942255151781)","(0.22991694802855211, 0.23278172972697309)"
"55+, diabetic, not overweight, male",91,0.20199940402088656,0.13053435084897747,0.2991294494461285,below,0.0008705505538714742,"(0.0, 1.0)","(0.0, 1.0)","(0.0, 0.6003457568344632)","(0.18565021960850986, 0.23311023845465856)"
"not 55+, diabetic, overweight, male",180,0.1531522906086235,0.10625332351097079,0.2157546747018182,below,0.0842453252981818,"(0.0, 1.0)","(0.0, 1.0)","(0.0, 0.2877912920187904)","(0.1473806817933043, 0.1641350749323456)"
"not 55+, diabetic, not overweight, not male",14,0.11200543184419781,0.019320169064928006,0.4467674911426385,straddles,-0.14676749114263848,"(0.0, 1.0)","(0.0, 1.0)","(0.0, 1.0)","(0.0, 0.3251403722727891)"
"not 55+, diabetic, overweight, not male",201,0.10944517644114242,0.07783535180296058,0.15177924921765493,below,0.14822075078234506,"(0.0, 1.0)","(0.0, 1.0)","(0.0, 0.26718813588267)","(0.09924865642251335, 0.11480359222082633)"
"not 55+, not diabetic, overweight, male",2007,0.08422791137191961,0.07102052041219047,0.09962801996842756,below,0.20037198003157242,"(0.0, 0.5937026075402473)","(0.0, 0.1776175003161411)","(0.059035300936702506, 0.10877179017709615)","(0.08343443832962438, 0.0846448927011202)"
"not 55+, diabetic, not overweight, male",32,0.06266902897777221,0.018098758728744405,0.19518089050440535,below,0.10481910949559464,"(0.0, 1.0)","(0.0, 1.0)","(0.0, 1.0)","(0.0, 0.09560249188064925)"
"not 55+, not diabetic, overweight, not male",1973,0.05124979543125193,0.040748121327959394,0.06427662343612332,below,0.23572337656387665,"(0.0, 0.6782150413752923)","(0.0, 0.20290101272247107)","(0.021829382047223178, 0.0786457656703129)","(0.05077345760513357, 0.0521562178477544)"
"not 55+, not diabetic, not overweight, male",940,0.030054757273653962,0.01675949476899681,0.053325104429339576,below,0.2466748955706604,"(0.0, 1.0)","(0.0, 0.3530415569118468)","(0.0, 0.06857515632815414)","(0.029066845142857733, 0.03193465354010316)"
"not 55+, not diabetic, not overweight, not male",1129,0.0260042318002279,0.016935863705944645,0.0397320395271535,below,0.2602679604728465,"(0.0, 1.0)","(0.0, 0.25750090839979156)","(0.0, 0.05001724217006709)","(0.024633075949504875, 0.026724793632450734)"
