exposure,stratifier,rd_marginal,rd_Z0,rd_Z1,reversal,partial,se_marginal,se_Z0,se_Z1
55+,diabetic,0.2023290800164648,0.19490062675017766,0.1784427018706408,False,False,0.010034832544589242,0.011822658867579541,0.023988866544199093
55+,overweight,0.2023290800164648,0.256795906544797,0.17851072296313364,False,False,0.010034832544589242,0.016783710359479488,0.011030919465476925
55+,male,0.2023290800164648,0.21665062595154153,0.18763143155015624,False,False,0.010034832544589242,0.01113551676505779,0.01396320577641567
diabetic,55+,0.13001160476948992,0.07038937100574222,0.053931446126205346,False,False,0.0148665985495511,0.01778020847285585,0.020695992871567842
diabetic,overweight,0.13001160476948992,0.13732788368550353,0.12317001719508498,False,False,0.0148665985495511,0.03443999545819531,0.015027980323368195
diabetic,male,0.13001160476948992,0.14087704651687982,0.11865490470299761,False,False,0.0148665985495511,0.021044387707181762,0.0242498368564158
overweight,55+,0.03532294768129142,0.044946087685585105,-0.03333909589607825,False,True,0.009497388495443434,0.0071562259236745565,0.017953517709169
overweight,diabetic,0.03532294768129142,0.024811775049607798,0.01065390855918924,False,False,0.009497388495443434,0.010415549331928701,0.029846288085126998
overweight,male,0.03532294768129142,0.032484815097242284,0.03705227240067166,False,False,0.009497388495443434,0.011533916351764761,0.011374292720978119
male,55+,0.0117496959717633,0.02734557576540165,-0.0016736186359836425,False,True,0.006517565957029647,0.00640884386101982,0.013542733794022117
male,diabetic,0.0117496959717633,0.013412837839431702,-0.00880930397445051,False,True,0.006517565957029647,0.008044840897688055,0.030428785084331157
male,overweight,0.0117496959717633,0.006129805707176708,0.010697263010606084,False,False,0.006517565957029647,0.01110149111903459,0.007442045985432384
