run,step,progress,lambda_cos,lambda_norm,val,tau,E
corpusA/arch1,0,0.00000,0.99766,1.00000,6.86562,0.0816,43.0596
corpusA/arch1,5,0.06667,0.97898,0.91521,6.02964,0.0980,43.2435
corpusA/arch1,10,0.13333,0.95563,0.80923,4.86938,0.1067,43.2345
corpusA/arch1,15,0.20000,0.92840,0.68562,3.88324,0.1437,43.1361
corpusA/arch1,20,0.26667,0.89875,0.55107,2.75723,0.1939,43.0724
corpusA/arch1,25,0.33333,0.86885,0.41533,1.87365,0.2358,43.0763
corpusA/arch1,30,0.40000,0.84365,0.30097,1.13741,0.2946,43.1308
corpusA/arch1,35,0.46667,0.82520,0.21720,0.62575,0.3254,43.1752
corpusA/arch1,40,0.53333,0.81219,0.15818,0.46994,0.4254,43.1900
corpusA/arch1,45,0.60000,0.80384,0.12029,0.28933,0.4547,43.2205
corpusA/arch1,50,0.66667,0.79673,0.08802,0.18308,0.4643,43.2709
corpusA/arch1,55,0.73333,0.78995,0.05722,0.13463,0.5153,43.2760
corpusA/arch1,60,0.80000,0.78541,0.03663,0.09595,0.5001,43.2736
corpusA/arch1,65,0.86667,0.78232,0.02261,0.07343,0.6349,43.2750
corpusA/arch1,70,0.93333,0.77995,0.01185,0.05237,0.5445,43.2744
corpusA/arch1,75,1.00000,0.77734,0.00000,0.03903,0.4732,43.2751
corpusA/arch1 seed2,0,0.00000,0.99767,1.00000,6.89970,0.0823,43.3911
corpusA/arch1 seed2,5,0.06667,0.97796,0.90888,5.98793,0.0935,43.1093
corpusA/arch1 seed2,10,0.13333,0.95381,0.79722,4.88778,0.1056,42.9956
corpusA/arch1 seed2,15,0.20000,0.92769,0.67644,3.82464,0.1658,43.1352
corpusA/arch1 seed2,20,0.26667,0.89960,0.54655,2.80946,0.2025,43.2174
corpusA/arch1 seed2,25,0.33333,0.87364,0.42653,1.83845,0.2285,43.2464
corpusA/arch1 seed2,30,0.40000,0.85228,0.32775,1.18101,0.2706,43.1484
corpusA/arch1 seed2,35,0.46667,0.83361,0.24144,0.67660,0.3285,43.2106
corpusA/arch1 seed2,40,0.53333,0.82020,0.17945,0.45392,0.3725,43.2434
corpusA/arch1 seed2,45,0.60000,0.81061,0.13511,0.30564,0.3699,43.2628
corpusA/arch1 seed2,50,0.66667,0.80303,0.10007,0.19162,0.4356,43.3028
corpusA/arch1 seed2,55,0.73333,0.79617,0.06833,0.14822,0.4370,43.3195
corpusA/arch1 seed2,60,0.80000,0.79080,0.04353,0.10834,0.4293,43.3137
corpusA/arch1 seed2,65,0.86667,0.78712,0.02649,0.07098,0.4045,43.3043
corpusA/arch1 seed2,70,0.93333,0.78415,0.01276,0.05628,0.4079,43.2944
corpusA/arch1 seed2,75,1.00000,0.78139,0.00000,0.03955,0.4061,43.2994
corpusB/arch1,0,0.00000,0.99766,1.00000,6.85022,0.0827,43.1029
corpusB/arch1,5,0.06667,0.97782,0.90787,5.97297,0.0914,42.9451
corpusB/arch1,10,0.13333,0.95429,0.79867,4.85187,0.1236,42.9992
corpusB/arch1,15,0.20000,0.92879,0.68029,3.80990,0.1282,43.0168
corpusB/arch1,20,0.26667,0.90055,0.54919,2.57395,0.1958,43.1369
corpusB/arch1,25,0.33333,0.87172,0.41538,1.78014,0.3074,43.2554
corpusB/arch1,30,0.40000,0.84768,0.30376,1.00609,0.2817,43.2486
corpusB/arch1,35,0.46667,0.82870,0.21568,0.64583,0.3928,43.1876
corpusB/arch1,40,0.53333,0.81758,0.16406,0.44772,0.3389,43.1875
corpusB/arch1,45,0.60000,0.80792,0.11919,0.27902,0.4816,43.2831
corpusB/arch1,50,0.66667,0.80063,0.08536,0.17394,0.3756,43.3492
corpusB/arch1,55,0.73333,0.79491,0.05881,0.12626,0.4201,43.3970
corpusB/arch1,60,0.80000,0.79029,0.03738,0.08777,0.4541,43.4421
corpusB/arch1,65,0.86667,0.78693,0.02175,0.06311,0.4684,43.4909
corpusB/arch1,70,0.93333,0.78434,0.00975,0.05159,0.4248,43.5231
corpusB/arch1,75,1.00000,0.78224,0.00000,0.03763,0.4736,43.5422
corpusC(markov)/arch1,0,0.00000,0.99766,1.00000,6.91011,0.0867,43.0809
corpusC(markov)/arch1,5,0.06250,0.97966,0.91954,6.51749,0.0989,42.9804
corpusC(markov)/arch1,10,0.12500,0.96098,0.83601,6.08769,0.1110,43.4210
corpusC(markov)/arch1,15,0.18750,0.94222,0.75215,5.56004,0.1425,43.4486
corpusC(markov)/arch1,20,0.25000,0.92333,0.66772,5.01442,0.1746,43.3012
corpusC(markov)/arch1,25,0.31250,0.90375,0.58022,4.60100,0.2505,43.1341
corpusC(markov)/arch1,30,0.37500,0.88441,0.49375,3.91546,0.2878,43.0614
corpusC(markov)/arch1,35,0.43750,0.86660,0.41415,3.55286,0.3102,42.9917
corpusC(markov)/arch1,40,0.50000,0.85004,0.34011,3.39221,0.3324,42.8725
corpusC(markov)/arch1,45,0.56250,0.83574,0.27619,2.93839,0.3614,42.7735
corpusC(markov)/arch1,50,0.62500,0.82349,0.22144,2.84547,0.3868,42.7013
corpusC(markov)/arch1,55,0.68750,0.81321,0.17550,2.55578,0.4100,42.6321
corpusC(markov)/arch1,60,0.75000,0.80442,0.13620,2.39179,0.4477,42.5998
corpusC(markov)/arch1,65,0.81250,0.79653,0.10093,2.30658,0.4397,42.5667
corpusC(markov)/arch1,70,0.87500,0.78874,0.06609,2.11516,0.4622,42.5286
corpusC(markov)/arch1,75,0.93750,0.78118,0.03231,1.97615,0.4626,42.5364
corpusC(markov)/arch1,80,1.00000,0.77395,0.00000,1.97973,0.4806,42.5275
